PRODUCT,FROM_LOCATION,TO_LOCATION,TRANS_RT,MODE,PREFERENCE,COST,TRANSIT_TIME,TRANSIT_TIME_UOM,EFFECTIVE_START,EFFECTIVE_END,DEST_TYPE,ASSY_LOC,HIER_LEVEL_1,HIER_LEVEL,HIER_LEVEL_3,process_unit_cost
220-0129,SUB_PCBA,1000,-,ROAD,10,1,2,DAYS,-,-,-,-,HIER_LEVEL_1,HIER_LEVEL_2,HIER_LEVEL_3,1
223-0011,SUB_PCBA,1000,-,ROAD,10,1,2,DAYS,-,-,-,-,HIER_LEVEL_1,HIER_LEVEL_2,HIER_LEVEL_3,1
223-0011,SUB_PCBA,2000,-,ROAD,10,1,2,DAYS,-,-,-,-,HIER_LEVEL_1,HIER_LEVEL_2,HIER_LEVEL_3,1
223-0012,SUB_PCBA,2000,-,ROAD,10,1,2,DAYS,-,-,-,-,HIER_LEVEL_1,HIER_LEVEL_2,HIER_LEVEL_3,1
223-0012,SUB_PCBA,1000,-,ROAD,10,1,2,DAYS,-,-,-,-,HIER_LEVEL_1,HIER_LEVEL_2,HIER_LEVEL_3,1
260-0120,1000,2000,-,ROAD,10,1,2,DAYS,-,-,-,-,HIER_LEVEL_1,HIER_LEVEL_2,HIER_LEVEL_3,1
260-0141-02,1000,2000,-,ROAD,10,1,2,DAYS,-,-,-,-,HIER_LEVEL_1,HIER_LEVEL_2,HIER_LEVEL_3,1
260-0141-02-R,1000,2000,-,ROAD,10,1,2,DAYS,-,-,-,-,HIER_LEVEL_1,HIER_LEVEL_2,HIER_LEVEL_3,1
260-0147-02,1000,2000,-,ROAD,10,1,2,DAYS,-,-,-,-,HIER_LEVEL_1,HIER_LEVEL_2,HIER_LEVEL_3,1
260-0152-02,1000,2000,-,ROAD,10,1,2,DAYS,-,-,-,-,HIER_LEVEL_1,HIER_LEVEL_2,HIER_LEVEL_3,1
260-0199,1000,2000,-,ROAD,10,1,2,DAYS,-,-,-,-,HIER_LEVEL_1,HIER_LEVEL_2,HIER_LEVEL_3,1
260-0199-R,1000,2000,-,ROAD,10,1,2,DAYS,-,-,-,-,HIER_LEVEL_1,HIER_LEVEL_2,HIER_LEVEL_3,1
260-0233,1000,2000,-,ROAD,10,1,2,DAYS,-,-,-,-,HIER_LEVEL_1,HIER_LEVEL_2,HIER_LEVEL_3,1
260-0236,1000,2000,-,ROAD,10,1,2,DAYS,-,-,-,-,HIER_LEVEL_1,HIER_LEVEL_2,HIER_LEVEL_3,1
260-0250,1000,2000,-,ROAD,10,1,2,DAYS,-,-,-,-,HIER_LEVEL_1,HIER_LEVEL_2,HIER_LEVEL_3,1
260-0262,1000,2000,-,ROAD,10,1,2,DAYS,-,-,-,-,HIER_LEVEL_1,HIER_LEVEL_2,HIER_LEVEL_3,1
260-0278,1000,2000,-,ROAD,10,1,2,DAYS,-,-,-,-,HIER_LEVEL_1,HIER_LEVEL_2,HIER_LEVEL_3,1
260-0306,1000,2000,-,ROAD,10,1,2,DAYS,-,-,-,-,HIER_LEVEL_1,HIER_LEVEL_2,HIER_LEVEL_3,1
260-0325,1000,2000,-,ROAD,10,1,2,DAYS,-,-,-,-,HIER_LEVEL_1,HIER_LEVEL_2,HIER_LEVEL_3,1
260-0365-CD,1000,2000,-,ROAD,10,1,2,DAYS,-,-,-,-,HIER_LEVEL_1,HIER_LEVEL_2,HIER_LEVEL_3,1
260-0366-CD,1000,2000,-,ROAD,10,1,2,DAYS,-,-,-,-,HIER_LEVEL_1,HIER_LEVEL_2,HIER_LEVEL_3,1
260-0459-CD,1000,2000,-,ROAD,10,1,2,DAYS,-,-,-,-,HIER_LEVEL_1,HIER_LEVEL_2,HIER_LEVEL_3,1
260-0460-CD,1000,2000,-,ROAD,10,1,2,DAYS,-,-,-,-,HIER_LEVEL_1,HIER_LEVEL_2,HIER_LEVEL_3,1
260-0464-CD,1000,2000,-,ROAD,10,1,2,DAYS,-,-,-,-,HIER_LEVEL_1,HIER_LEVEL_2,HIER_LEVEL_3,1
260-0555,1000,2000,-,ROAD,10,1,2,DAYS,-,-,-,-,HIER_LEVEL_1,HIER_LEVEL_2,HIER_LEVEL_3,1
262-0010,1000,2000,-,ROAD,10,1,2,DAYS,-,-,-,-,HIER_LEVEL_1,HIER_LEVEL_2,HIER_LEVEL_3,1
262-0011,1000,2000,-,ROAD,10,1,2,DAYS,-,-,-,-,HIER_LEVEL_1,HIER_LEVEL_2,HIER_LEVEL_3,1
262-0012,1000,2000,-,ROAD,10,1,2,DAYS,-,-,-,-,HIER_LEVEL_1,HIER_LEVEL_2,HIER_LEVEL_3,1
262-0015,1000,2000,-,ROAD,10,1,2,DAYS,-,-,-,-,HIER_LEVEL_1,HIER_LEVEL_2,HIER_LEVEL_3,1
262-0016,1000,2000,-,ROAD,10,1,2,DAYS,-,-,-,-,HIER_LEVEL_1,HIER_LEVEL_2,HIER_LEVEL_3,1
262-0018,1000,2000,-,ROAD,10,1,2,DAYS,-,-,-,-,HIER_LEVEL_1,HIER_LEVEL_2,HIER_LEVEL_3,1
262-0054-CD,1000,2000,-,ROAD,10,1,2,DAYS,-,-,-,-,HIER_LEVEL_1,HIER_LEVEL_2,HIER_LEVEL_3,1
262-0100-CD,1000,2000,-,ROAD,10,1,2,DAYS,-,-,-,-,HIER_LEVEL_1,HIER_LEVEL_2,HIER_LEVEL_3,1
262-0101-CD,1000,2000,-,ROAD,10,1,2,DAYS,-,-,-,-,HIER_LEVEL_1,HIER_LEVEL_2,HIER_LEVEL_3,1
262-0127-CD,1000,2000,-,ROAD,10,1,2,DAYS,-,-,-,-,HIER_LEVEL_1,HIER_LEVEL_2,HIER_LEVEL_3,1
262-0128-CD,1000,2000,-,ROAD,10,1,2,DAYS,-,-,-,-,HIER_LEVEL_1,HIER_LEVEL_2,HIER_LEVEL_3,1
262-0137-CD,1000,2000,-,ROAD,10,1,2,DAYS,-,-,-,-,HIER_LEVEL_1,HIER_LEVEL_2,HIER_LEVEL_3,1
262-0163-CD,1000,2000,-,ROAD,10,1,2,DAYS,-,-,-,-,HIER_LEVEL_1,HIER_LEVEL_2,HIER_LEVEL_3,1
262-0164-CD,1000,2000,-,ROAD,10,1,2,DAYS,-,-,-,-,HIER_LEVEL_1,HIER_LEVEL_2,HIER_LEVEL_3,1
262-0169-CD,1000,2000,-,ROAD,10,1,2,DAYS,-,-,-,-,HIER_LEVEL_1,HIER_LEVEL_2,HIER_LEVEL_3,1
262-0197-CD,1000,2000,-,ROAD,10,1,2,DAYS,-,-,-,-,HIER_LEVEL_1,HIER_LEVEL_2,HIER_LEVEL_3,1
262-0198-CD,1000,2000,-,ROAD,10,1,2,DAYS,-,-,-,-,HIER_LEVEL_1,HIER_LEVEL_2,HIER_LEVEL_3,1
283-0116,SUB_PCBA,2000,-,ROAD,10,1,2,DAYS,-,-,-,-,HIER_LEVEL_1,HIER_LEVEL_2,HIER_LEVEL_3,1
283-0116,SUB_PCBA,1000,-,ROAD,10,1,2,DAYS,-,-,-,-,HIER_LEVEL_1,HIER_LEVEL_2,HIER_LEVEL_3,1
283-0118,SUB_PCBA,1000,-,ROAD,10,1,2,DAYS,-,-,-,-,HIER_LEVEL_1,HIER_LEVEL_2,HIER_LEVEL_3,1
283-0118,SUB_PCBA,2000,-,ROAD,10,1,2,DAYS,-,-,-,-,HIER_LEVEL_1,HIER_LEVEL_2,HIER_LEVEL_3,1
283-0120,SUB_PCBA,1000,-,ROAD,10,1,2,DAYS,-,-,-,-,HIER_LEVEL_1,HIER_LEVEL_2,HIER_LEVEL_3,1
283-0120,SUB_PCBA,2000,-,ROAD,10,1,2,DAYS,-,-,-,-,HIER_LEVEL_1,HIER_LEVEL_2,HIER_LEVEL_3,1
283-0122,SUB_PCBA,1000,-,ROAD,10,1,2,DAYS,-,-,-,-,HIER_LEVEL_1,HIER_LEVEL_2,HIER_LEVEL_3,1
283-0122,SUB_PCBA,2000,-,ROAD,10,1,2,DAYS,-,-,-,-,HIER_LEVEL_1,HIER_LEVEL_2,HIER_LEVEL_3,1
283-0124,SUB_PCBA,1000,-,ROAD,10,1,2,DAYS,-,-,-,-,HIER_LEVEL_1,HIER_LEVEL_2,HIER_LEVEL_3,1
283-0124,SUB_PCBA,2000,-,ROAD,10,1,2,DAYS,-,-,-,-,HIER_LEVEL_1,HIER_LEVEL_2,HIER_LEVEL_3,1
283-0128,SUB_PCBA,1000,-,ROAD,10,1,2,DAYS,-,-,-,-,HIER_LEVEL_1,HIER_LEVEL_2,HIER_LEVEL_3,1
283-0128,SUB_PCBA,2000,-,ROAD,10,1,2,DAYS,-,-,-,-,HIER_LEVEL_1,HIER_LEVEL_2,HIER_LEVEL_3,1
283-0130,SUB_PCBA,1000,-,ROAD,10,1,2,DAYS,-,-,-,-,HIER_LEVEL_1,HIER_LEVEL_2,HIER_LEVEL_3,1
283-0130,SUB_PCBA,2000,-,ROAD,10,1,2,DAYS,-,-,-,-,HIER_LEVEL_1,HIER_LEVEL_2,HIER_LEVEL_3,1
284-0085-20,SUB_PCBA,1000,-,ROAD,10,1,2,DAYS,-,-,-,-,HIER_LEVEL_1,HIER_LEVEL_2,HIER_LEVEL_3,1
284-0085-20,SUB_PCBA,2000,-,ROAD,10,1,2,DAYS,-,-,-,-,HIER_LEVEL_1,HIER_LEVEL_2,HIER_LEVEL_3,1
286-0018-20,SUB_PCBA,1000,-,ROAD,10,1,2,DAYS,-,-,-,-,HIER_LEVEL_1,HIER_LEVEL_2,HIER_LEVEL_3,1
286-0018-20,SUB_PCBA,2000,-,ROAD,10,1,2,DAYS,-,-,-,-,HIER_LEVEL_1,HIER_LEVEL_2,HIER_LEVEL_3,1
286-0018-35,SUB_PCBA,2000,-,ROAD,10,1,2,DAYS,-,-,-,-,HIER_LEVEL_1,HIER_LEVEL_2,HIER_LEVEL_3,1
286-0018-35,SUB_PCBA,1000,-,ROAD,10,1,2,DAYS,-,-,-,-,HIER_LEVEL_1,HIER_LEVEL_2,HIER_LEVEL_3,1
286-0057-20,SUB_PCBA,1000,-,ROAD,10,1,2,DAYS,-,-,-,-,HIER_LEVEL_1,HIER_LEVEL_2,HIER_LEVEL_3,1
286-0057-20,SUB_PCBA,2000,-,ROAD,10,1,2,DAYS,-,-,-,-,HIER_LEVEL_1,HIER_LEVEL_2,HIER_LEVEL_3,1
286-0057-40,SUB_PCBA,1000,-,ROAD,10,1,2,DAYS,-,-,-,-,HIER_LEVEL_1,HIER_LEVEL_2,HIER_LEVEL_3,1
286-0057-40,SUB_PCBA,2000,-,ROAD,10,1,2,DAYS,-,-,-,-,HIER_LEVEL_1,HIER_LEVEL_2,HIER_LEVEL_3,1
500-3186,1000,VIRTUAL,-,ROAD,10,1,0,DAYS,-,-,-,-,HIER_LEVEL_1,HIER_LEVEL_2,HIER_LEVEL_3,1
500-3186,2000,VIRTUAL,-,ROAD,20,1,0,DAYS,-,-,-,-,HIER_LEVEL_1,HIER_LEVEL_2,HIER_LEVEL_3,1
500-3190,1000,VIRTUAL,-,ROAD,10,1,0,DAYS,-,-,-,-,HIER_LEVEL_1,HIER_LEVEL_2,HIER_LEVEL_3,1
500-3190,2000,VIRTUAL,-,ROAD,20,1,0,DAYS,-,-,-,-,HIER_LEVEL_1,HIER_LEVEL_2,HIER_LEVEL_3,1
500-3264-007,1000,VIRTUAL,-,ROAD,10,1,0,DAYS,-,-,-,-,HIER_LEVEL_1,HIER_LEVEL_2,HIER_LEVEL_3,1
500-3264-007,2000,VIRTUAL,-,ROAD,20,1,0,DAYS,-,-,-,-,HIER_LEVEL_1,HIER_LEVEL_2,HIER_LEVEL_3,1
500-3264-010,1000,VIRTUAL,-,ROAD,10,1,0,DAYS,-,-,-,-,HIER_LEVEL_1,HIER_LEVEL_2,HIER_LEVEL_3,1
500-3264-010,2000,VIRTUAL,-,ROAD,20,1,0,DAYS,-,-,-,-,HIER_LEVEL_1,HIER_LEVEL_2,HIER_LEVEL_3,1
500-3264-020,1000,VIRTUAL,-,ROAD,10,1,0,DAYS,-,-,-,-,HIER_LEVEL_1,HIER_LEVEL_2,HIER_LEVEL_3,1
500-3264-020,2000,VIRTUAL,-,ROAD,20,1,0,DAYS,-,-,-,-,HIER_LEVEL_1,HIER_LEVEL_2,HIER_LEVEL_3,1
500-3265-007,1000,VIRTUAL,-,ROAD,10,1,0,DAYS,-,-,-,-,HIER_LEVEL_1,HIER_LEVEL_2,HIER_LEVEL_3,1
500-3265-007,2000,VIRTUAL,-,ROAD,20,1,0,DAYS,-,-,-,-,HIER_LEVEL_1,HIER_LEVEL_2,HIER_LEVEL_3,1
500-3265-010,1000,VIRTUAL,-,ROAD,10,1,0,DAYS,-,-,-,-,HIER_LEVEL_1,HIER_LEVEL_2,HIER_LEVEL_3,1
500-3265-010,2000,VIRTUAL,-,ROAD,20,1,0,DAYS,-,-,-,-,HIER_LEVEL_1,HIER_LEVEL_2,HIER_LEVEL_3,1
500-3265-020,1000,VIRTUAL,-,ROAD,10,1,0,DAYS,-,-,-,-,HIER_LEVEL_1,HIER_LEVEL_2,HIER_LEVEL_3,1
500-3265-020,2000,VIRTUAL,-,ROAD,20,1,0,DAYS,-,-,-,-,HIER_LEVEL_1,HIER_LEVEL_2,HIER_LEVEL_3,1
500-3287,1000,VIRTUAL,-,ROAD,10,1,0,DAYS,-,-,-,-,HIER_LEVEL_1,HIER_LEVEL_2,HIER_LEVEL_3,1
500-3287,2000,VIRTUAL,-,ROAD,20,1,0,DAYS,-,-,-,-,HIER_LEVEL_1,HIER_LEVEL_2,HIER_LEVEL_3,1
500-3292,1000,VIRTUAL,-,ROAD,10,1,0,DAYS,-,-,-,-,HIER_LEVEL_1,HIER_LEVEL_2,HIER_LEVEL_3,1
500-3292,2000,VIRTUAL,-,ROAD,20,1,0,DAYS,-,-,-,-,HIER_LEVEL_1,HIER_LEVEL_2,HIER_LEVEL_3,1
500-3335,1000,VIRTUAL,-,ROAD,10,1,0,DAYS,-,-,-,-,HIER_LEVEL_1,HIER_LEVEL_2,HIER_LEVEL_3,1
500-3335,2000,VIRTUAL,-,ROAD,20,1,0,DAYS,-,-,-,-,HIER_LEVEL_1,HIER_LEVEL_2,HIER_LEVEL_3,1
500-3344,1000,VIRTUAL,-,ROAD,10,1,0,DAYS,-,-,-,-,HIER_LEVEL_1,HIER_LEVEL_2,HIER_LEVEL_3,1
500-3344,2000,VIRTUAL,-,ROAD,20,1,0,DAYS,-,-,-,-,HIER_LEVEL_1,HIER_LEVEL_2,HIER_LEVEL_3,1
500-3385,1000,VIRTUAL,-,ROAD,10,1,0,DAYS,-,-,-,-,HIER_LEVEL_1,HIER_LEVEL_2,HIER_LEVEL_3,1
500-3385,2000,VIRTUAL,-,ROAD,20,1,0,DAYS,-,-,-,-,HIER_LEVEL_1,HIER_LEVEL_2,HIER_LEVEL_3,1
500-3394,1000,VIRTUAL,-,ROAD,10,1,0,DAYS,-,-,-,-,HIER_LEVEL_1,HIER_LEVEL_2,HIER_LEVEL_3,1
500-3394,2000,VIRTUAL,-,ROAD,20,1,0,DAYS,-,-,-,-,HIER_LEVEL_1,HIER_LEVEL_2,HIER_LEVEL_3,1
500-3426-001,1000,VIRTUAL,-,ROAD,10,1,0,DAYS,-,-,-,-,HIER_LEVEL_1,HIER_LEVEL_2,HIER_LEVEL_3,1
500-3426-001,2000,VIRTUAL,-,ROAD,20,1,0,DAYS,-,-,-,-,HIER_LEVEL_1,HIER_LEVEL_2,HIER_LEVEL_3,1
500-3426-003,1000,VIRTUAL,-,ROAD,10,1,0,DAYS,-,-,-,-,HIER_LEVEL_1,HIER_LEVEL_2,HIER_LEVEL_3,1
500-3426-003,2000,VIRTUAL,-,ROAD,20,1,0,DAYS,-,-,-,-,HIER_LEVEL_1,HIER_LEVEL_2,HIER_LEVEL_3,1
500-3426-005,1000,VIRTUAL,-,ROAD,10,1,0,DAYS,-,-,-,-,HIER_LEVEL_1,HIER_LEVEL_2,HIER_LEVEL_3,1
500-3426-005,2000,VIRTUAL,-,ROAD,20,1,0,DAYS,-,-,-,-,HIER_LEVEL_1,HIER_LEVEL_2,HIER_LEVEL_3,1
500-3432-003,1000,VIRTUAL,-,ROAD,10,1,0,DAYS,-,-,-,-,HIER_LEVEL_1,HIER_LEVEL_2,HIER_LEVEL_3,1
500-3432-003,2000,VIRTUAL,-,ROAD,20,1,0,DAYS,-,-,-,-,HIER_LEVEL_1,HIER_LEVEL_2,HIER_LEVEL_3,1
500-3480,1000,VIRTUAL,-,ROAD,10,1,0,DAYS,-,-,-,-,HIER_LEVEL_1,HIER_LEVEL_2,HIER_LEVEL_3,1
500-3480,2000,VIRTUAL,-,ROAD,20,1,0,DAYS,-,-,-,-,HIER_LEVEL_1,HIER_LEVEL_2,HIER_LEVEL_3,1
500-3665,1000,VIRTUAL,-,ROAD,10,1,0,DAYS,-,-,-,-,HIER_LEVEL_1,HIER_LEVEL_2,HIER_LEVEL_3,1
500-3665,2000,VIRTUAL,-,ROAD,20,1,0,DAYS,-,-,-,-,HIER_LEVEL_1,HIER_LEVEL_2,HIER_LEVEL_3,1
500-3776-02,1000,VIRTUAL,-,ROAD,10,1,0,DAYS,-,-,-,-,HIER_LEVEL_1,HIER_LEVEL_2,HIER_LEVEL_3,1
500-3776-02,2000,VIRTUAL,-,ROAD,20,1,0,DAYS,-,-,-,-,HIER_LEVEL_1,HIER_LEVEL_2,HIER_LEVEL_3,1
500-3830-010,1000,VIRTUAL,-,ROAD,10,1,0,DAYS,-,-,-,-,HIER_LEVEL_1,HIER_LEVEL_2,HIER_LEVEL_3,1
500-3830-010,2000,VIRTUAL,-,ROAD,20,1,0,DAYS,-,-,-,-,HIER_LEVEL_1,HIER_LEVEL_2,HIER_LEVEL_3,1
500-3884,1000,VIRTUAL,-,ROAD,10,1,0,DAYS,-,-,-,-,HIER_LEVEL_1,HIER_LEVEL_2,HIER_LEVEL_3,1
500-3884,2000,VIRTUAL,-,ROAD,20,1,0,DAYS,-,-,-,-,HIER_LEVEL_1,HIER_LEVEL_2,HIER_LEVEL_3,1
500-3972-02,1000,VIRTUAL,-,ROAD,10,1,0,DAYS,-,-,-,-,HIER_LEVEL_1,HIER_LEVEL_2,HIER_LEVEL_3,1
500-3972-02,2000,VIRTUAL,-,ROAD,20,1,0,DAYS,-,-,-,-,HIER_LEVEL_1,HIER_LEVEL_2,HIER_LEVEL_3,1
500-4005,1000,VIRTUAL,-,ROAD,10,1,0,DAYS,-,-,-,-,HIER_LEVEL_1,HIER_LEVEL_2,HIER_LEVEL_3,1
500-4005,2000,VIRTUAL,-,ROAD,20,1,0,DAYS,-,-,-,-,HIER_LEVEL_1,HIER_LEVEL_2,HIER_LEVEL_3,1
500-4042,1000,VIRTUAL,-,ROAD,10,1,0,DAYS,-,-,-,-,HIER_LEVEL_1,HIER_LEVEL_2,HIER_LEVEL_3,1
500-4042,2000,VIRTUAL,-,ROAD,20,1,0,DAYS,-,-,-,-,HIER_LEVEL_1,HIER_LEVEL_2,HIER_LEVEL_3,1
500-4066-02,1000,VIRTUAL,-,ROAD,10,1,0,DAYS,-,-,-,-,HIER_LEVEL_1,HIER_LEVEL_2,HIER_LEVEL_3,1
500-4066-02,2000,VIRTUAL,-,ROAD,20,1,0,DAYS,-,-,-,-,HIER_LEVEL_1,HIER_LEVEL_2,HIER_LEVEL_3,1
500-4067-02,1000,VIRTUAL,-,ROAD,10,1,0,DAYS,-,-,-,-,HIER_LEVEL_1,HIER_LEVEL_2,HIER_LEVEL_3,1
500-4067-02,2000,VIRTUAL,-,ROAD,20,1,0,DAYS,-,-,-,-,HIER_LEVEL_1,HIER_LEVEL_2,HIER_LEVEL_3,1
500-4188,1000,VIRTUAL,-,ROAD,10,1,0,DAYS,-,-,-,-,HIER_LEVEL_1,HIER_LEVEL_2,HIER_LEVEL_3,1
500-4188,2000,VIRTUAL,-,ROAD,20,1,0,DAYS,-,-,-,-,HIER_LEVEL_1,HIER_LEVEL_2,HIER_LEVEL_3,1
500-4190,1000,VIRTUAL,-,ROAD,10,1,0,DAYS,-,-,-,-,HIER_LEVEL_1,HIER_LEVEL_2,HIER_LEVEL_3,1
500-4190,2000,VIRTUAL,-,ROAD,20,1,0,DAYS,-,-,-,-,HIER_LEVEL_1,HIER_LEVEL_2,HIER_LEVEL_3,1
500-4212,1000,VIRTUAL,-,ROAD,10,1,0,DAYS,-,-,-,-,HIER_LEVEL_1,HIER_LEVEL_2,HIER_LEVEL_3,1
500-4212,2000,VIRTUAL,-,ROAD,20,1,0,DAYS,-,-,-,-,HIER_LEVEL_1,HIER_LEVEL_2,HIER_LEVEL_3,1
500-4235-020,1000,VIRTUAL,-,ROAD,10,1,0,DAYS,-,-,-,-,HIER_LEVEL_1,HIER_LEVEL_2,HIER_LEVEL_3,1
500-4292,1000,VIRTUAL,-,ROAD,10,1,0,DAYS,-,-,-,-,HIER_LEVEL_1,HIER_LEVEL_2,HIER_LEVEL_3,1
500-4292,2000,VIRTUAL,-,ROAD,20,1,0,DAYS,-,-,-,-,HIER_LEVEL_1,HIER_LEVEL_2,HIER_LEVEL_3,1
500-4293,1000,VIRTUAL,-,ROAD,10,1,0,DAYS,-,-,-,-,HIER_LEVEL_1,HIER_LEVEL_2,HIER_LEVEL_3,1
500-4293,2000,VIRTUAL,-,ROAD,20,1,0,DAYS,-,-,-,-,HIER_LEVEL_1,HIER_LEVEL_2,HIER_LEVEL_3,1
500-4325,1000,VIRTUAL,-,ROAD,10,1,0,DAYS,-,-,-,-,HIER_LEVEL_1,HIER_LEVEL_2,HIER_LEVEL_3,1
500-4325,2000,VIRTUAL,-,ROAD,20,1,0,DAYS,-,-,-,-,HIER_LEVEL_1,HIER_LEVEL_2,HIER_LEVEL_3,1
500-4327,1000,VIRTUAL,-,ROAD,10,1,0,DAYS,-,-,-,-,HIER_LEVEL_1,HIER_LEVEL_2,HIER_LEVEL_3,1
500-4327,2000,VIRTUAL,-,ROAD,20,1,0,DAYS,-,-,-,-,HIER_LEVEL_1,HIER_LEVEL_2,HIER_LEVEL_3,1
500-4342,1000,VIRTUAL,-,ROAD,10,1,0,DAYS,-,-,-,-,HIER_LEVEL_1,HIER_LEVEL_2,HIER_LEVEL_3,1
500-4342,2000,VIRTUAL,-,ROAD,20,1,0,DAYS,-,-,-,-,HIER_LEVEL_1,HIER_LEVEL_2,HIER_LEVEL_3,1
500-4349,1000,VIRTUAL,-,ROAD,10,1,0,DAYS,-,-,-,-,HIER_LEVEL_1,HIER_LEVEL_2,HIER_LEVEL_3,1
500-4349,2000,VIRTUAL,-,ROAD,20,1,0,DAYS,-,-,-,-,HIER_LEVEL_1,HIER_LEVEL_2,HIER_LEVEL_3,1
500-4378,1000,VIRTUAL,-,ROAD,10,1,0,DAYS,-,-,-,-,HIER_LEVEL_1,HIER_LEVEL_2,HIER_LEVEL_3,1
500-4378,2000,VIRTUAL,-,ROAD,20,1,0,DAYS,-,-,-,-,HIER_LEVEL_1,HIER_LEVEL_2,HIER_LEVEL_3,1
500-4483,1000,VIRTUAL,-,ROAD,10,1,0,DAYS,-,-,-,-,HIER_LEVEL_1,HIER_LEVEL_2,HIER_LEVEL_3,1
500-4483,2000,VIRTUAL,-,ROAD,20,1,0,DAYS,-,-,-,-,HIER_LEVEL_1,HIER_LEVEL_2,HIER_LEVEL_3,1
500-4516,1000,VIRTUAL,-,ROAD,10,1,0,DAYS,-,-,-,-,HIER_LEVEL_1,HIER_LEVEL_2,HIER_LEVEL_3,1
500-4516,2000,VIRTUAL,-,ROAD,20,1,0,DAYS,-,-,-,-,HIER_LEVEL_1,HIER_LEVEL_2,HIER_LEVEL_3,1
500-4562,1000,VIRTUAL,-,ROAD,10,1,0,DAYS,-,-,-,-,HIER_LEVEL_1,HIER_LEVEL_2,HIER_LEVEL_3,1
500-4562,2000,VIRTUAL,-,ROAD,20,1,0,DAYS,-,-,-,-,HIER_LEVEL_1,HIER_LEVEL_2,HIER_LEVEL_3,1
500-4611,1000,VIRTUAL,-,ROAD,10,1,0,DAYS,-,-,-,-,HIER_LEVEL_1,HIER_LEVEL_2,HIER_LEVEL_3,1
500-4611,2000,VIRTUAL,-,ROAD,20,1,0,DAYS,-,-,-,-,HIER_LEVEL_1,HIER_LEVEL_2,HIER_LEVEL_3,1
500-4619,1000,VIRTUAL,-,ROAD,10,1,0,DAYS,-,-,-,-,HIER_LEVEL_1,HIER_LEVEL_2,HIER_LEVEL_3,1
500-4619,2000,VIRTUAL,-,ROAD,20,1,0,DAYS,-,-,-,-,HIER_LEVEL_1,HIER_LEVEL_2,HIER_LEVEL_3,1
500-4639,1000,VIRTUAL,-,ROAD,10,1,0,DAYS,-,-,-,-,HIER_LEVEL_1,HIER_LEVEL_2,HIER_LEVEL_3,1
500-4639,2000,VIRTUAL,-,ROAD,20,1,0,DAYS,-,-,-,-,HIER_LEVEL_1,HIER_LEVEL_2,HIER_LEVEL_3,1
500-4640,1000,VIRTUAL,-,ROAD,10,1,0,DAYS,-,-,-,-,HIER_LEVEL_1,HIER_LEVEL_2,HIER_LEVEL_3,1
500-4640,2000,VIRTUAL,-,ROAD,20,1,0,DAYS,-,-,-,-,HIER_LEVEL_1,HIER_LEVEL_2,HIER_LEVEL_3,1
500-4672,1000,VIRTUAL,-,ROAD,10,1,0,DAYS,-,-,-,-,HIER_LEVEL_1,HIER_LEVEL_2,HIER_LEVEL_3,1
500-4672,2000,VIRTUAL,-,ROAD,20,1,0,DAYS,-,-,-,-,HIER_LEVEL_1,HIER_LEVEL_2,HIER_LEVEL_3,1
500-4692,1000,VIRTUAL,-,ROAD,10,1,0,DAYS,-,-,-,-,HIER_LEVEL_1,HIER_LEVEL_2,HIER_LEVEL_3,1
500-4692,2000,VIRTUAL,-,ROAD,20,1,0,DAYS,-,-,-,-,HIER_LEVEL_1,HIER_LEVEL_2,HIER_LEVEL_3,1
500-4693,1000,VIRTUAL,-,ROAD,10,1,0,DAYS,-,-,-,-,HIER_LEVEL_1,HIER_LEVEL_2,HIER_LEVEL_3,1
500-4693,2000,VIRTUAL,-,ROAD,20,1,0,DAYS,-,-,-,-,HIER_LEVEL_1,HIER_LEVEL_2,HIER_LEVEL_3,1
500-4709,1000,VIRTUAL,-,ROAD,10,1,0,DAYS,-,-,-,-,HIER_LEVEL_1,HIER_LEVEL_2,HIER_LEVEL_3,1
500-4709,2000,VIRTUAL,-,ROAD,20,1,0,DAYS,-,-,-,-,HIER_LEVEL_1,HIER_LEVEL_2,HIER_LEVEL_3,1
500-4752,1000,VIRTUAL,-,ROAD,10,1,0,DAYS,-,-,-,-,HIER_LEVEL_1,HIER_LEVEL_2,HIER_LEVEL_3,1
500-4752,2000,VIRTUAL,-,ROAD,20,1,0,DAYS,-,-,-,-,HIER_LEVEL_1,HIER_LEVEL_2,HIER_LEVEL_3,1
500-4791,1000,VIRTUAL,-,ROAD,10,1,0,DAYS,-,-,-,-,HIER_LEVEL_1,HIER_LEVEL_2,HIER_LEVEL_3,1
500-4791,2000,VIRTUAL,-,ROAD,20,1,0,DAYS,-,-,-,-,HIER_LEVEL_1,HIER_LEVEL_2,HIER_LEVEL_3,1
500-4792,1000,VIRTUAL,-,ROAD,10,1,0,DAYS,-,-,-,-,HIER_LEVEL_1,HIER_LEVEL_2,HIER_LEVEL_3,1
500-4792,2000,VIRTUAL,-,ROAD,20,1,0,DAYS,-,-,-,-,HIER_LEVEL_1,HIER_LEVEL_2,HIER_LEVEL_3,1
500-4793,1000,VIRTUAL,-,ROAD,10,1,0,DAYS,-,-,-,-,HIER_LEVEL_1,HIER_LEVEL_2,HIER_LEVEL_3,1
500-4793,2000,VIRTUAL,-,ROAD,20,1,0,DAYS,-,-,-,-,HIER_LEVEL_1,HIER_LEVEL_2,HIER_LEVEL_3,1
500-4794,1000,VIRTUAL,-,ROAD,10,1,0,DAYS,-,-,-,-,HIER_LEVEL_1,HIER_LEVEL_2,HIER_LEVEL_3,1
500-4794,2000,VIRTUAL,-,ROAD,20,1,0,DAYS,-,-,-,-,HIER_LEVEL_1,HIER_LEVEL_2,HIER_LEVEL_3,1
500-4888,1000,VIRTUAL,-,ROAD,10,1,0,DAYS,-,-,-,-,HIER_LEVEL_1,HIER_LEVEL_2,HIER_LEVEL_3,1
500-4888,2000,VIRTUAL,-,ROAD,20,1,0,DAYS,-,-,-,-,HIER_LEVEL_1,HIER_LEVEL_2,HIER_LEVEL_3,1
500-4890,1000,VIRTUAL,-,ROAD,10,1,0,DAYS,-,-,-,-,HIER_LEVEL_1,HIER_LEVEL_2,HIER_LEVEL_3,1
500-4890,2000,VIRTUAL,-,ROAD,20,1,0,DAYS,-,-,-,-,HIER_LEVEL_1,HIER_LEVEL_2,HIER_LEVEL_3,1
500-4925,1000,VIRTUAL,-,ROAD,10,1,0,DAYS,-,-,-,-,HIER_LEVEL_1,HIER_LEVEL_2,HIER_LEVEL_3,1
500-4925,2000,VIRTUAL,-,ROAD,20,1,0,DAYS,-,-,-,-,HIER_LEVEL_1,HIER_LEVEL_2,HIER_LEVEL_3,1
500-4954,1000,VIRTUAL,-,ROAD,10,1,0,DAYS,-,-,-,-,HIER_LEVEL_1,HIER_LEVEL_2,HIER_LEVEL_3,1
500-4954,2000,VIRTUAL,-,ROAD,20,1,0,DAYS,-,-,-,-,HIER_LEVEL_1,HIER_LEVEL_2,HIER_LEVEL_3,1
500-4955,1000,VIRTUAL,-,ROAD,10,1,0,DAYS,-,-,-,-,HIER_LEVEL_1,HIER_LEVEL_2,HIER_LEVEL_3,1
500-4955,2000,VIRTUAL,-,ROAD,20,1,0,DAYS,-,-,-,-,HIER_LEVEL_1,HIER_LEVEL_2,HIER_LEVEL_3,1
500-4956,1000,VIRTUAL,-,ROAD,10,1,0,DAYS,-,-,-,-,HIER_LEVEL_1,HIER_LEVEL_2,HIER_LEVEL_3,1
500-4956,2000,VIRTUAL,-,ROAD,20,1,0,DAYS,-,-,-,-,HIER_LEVEL_1,HIER_LEVEL_2,HIER_LEVEL_3,1
500-4961-001,1000,VIRTUAL,-,ROAD,10,1,0,DAYS,-,-,-,-,HIER_LEVEL_1,HIER_LEVEL_2,HIER_LEVEL_3,1
500-4961-002,1000,VIRTUAL,-,ROAD,10,1,0,DAYS,-,-,-,-,HIER_LEVEL_1,HIER_LEVEL_2,HIER_LEVEL_3,1
500-4961-003,1000,VIRTUAL,-,ROAD,10,1,0,DAYS,-,-,-,-,HIER_LEVEL_1,HIER_LEVEL_2,HIER_LEVEL_3,1
500-4961-005,1000,VIRTUAL,-,ROAD,10,1,0,DAYS,-,-,-,-,HIER_LEVEL_1,HIER_LEVEL_2,HIER_LEVEL_3,1
500-4961-007,1000,VIRTUAL,-,ROAD,10,1,0,DAYS,-,-,-,-,HIER_LEVEL_1,HIER_LEVEL_2,HIER_LEVEL_3,1
500-4961-010,1000,VIRTUAL,-,ROAD,10,1,0,DAYS,-,-,-,-,HIER_LEVEL_1,HIER_LEVEL_2,HIER_LEVEL_3,1
500-4961-015,1000,VIRTUAL,-,ROAD,10,1,0,DAYS,-,-,-,-,HIER_LEVEL_1,HIER_LEVEL_2,HIER_LEVEL_3,1
500-4961-020,1000,VIRTUAL,-,ROAD,10,1,0,DAYS,-,-,-,-,HIER_LEVEL_1,HIER_LEVEL_2,HIER_LEVEL_3,1
500-4962-010,1000,VIRTUAL,-,ROAD,10,1,0,DAYS,-,-,-,-,HIER_LEVEL_1,HIER_LEVEL_2,HIER_LEVEL_3,1
500-4962-020,1000,VIRTUAL,-,ROAD,10,1,0,DAYS,-,-,-,-,HIER_LEVEL_1,HIER_LEVEL_2,HIER_LEVEL_3,1
500-5010,1000,VIRTUAL,-,ROAD,10,1,0,DAYS,-,-,-,-,HIER_LEVEL_1,HIER_LEVEL_2,HIER_LEVEL_3,1
500-5010,2000,VIRTUAL,-,ROAD,20,1,0,DAYS,-,-,-,-,HIER_LEVEL_1,HIER_LEVEL_2,HIER_LEVEL_3,1
500-5056,1000,VIRTUAL,-,ROAD,10,1,0,DAYS,-,-,-,-,HIER_LEVEL_1,HIER_LEVEL_2,HIER_LEVEL_3,1
500-5056,2000,VIRTUAL,-,ROAD,20,1,0,DAYS,-,-,-,-,HIER_LEVEL_1,HIER_LEVEL_2,HIER_LEVEL_3,1
500-5057,1000,VIRTUAL,-,ROAD,10,1,0,DAYS,-,-,-,-,HIER_LEVEL_1,HIER_LEVEL_2,HIER_LEVEL_3,1
500-5057,2000,VIRTUAL,-,ROAD,20,1,0,DAYS,-,-,-,-,HIER_LEVEL_1,HIER_LEVEL_2,HIER_LEVEL_3,1
500-5059,1000,VIRTUAL,-,ROAD,10,1,0,DAYS,-,-,-,-,HIER_LEVEL_1,HIER_LEVEL_2,HIER_LEVEL_3,1
500-5059,2000,VIRTUAL,-,ROAD,20,1,0,DAYS,-,-,-,-,HIER_LEVEL_1,HIER_LEVEL_2,HIER_LEVEL_3,1
500-5060,1000,VIRTUAL,-,ROAD,10,1,0,DAYS,-,-,-,-,HIER_LEVEL_1,HIER_LEVEL_2,HIER_LEVEL_3,1
500-5060,2000,VIRTUAL,-,ROAD,20,1,0,DAYS,-,-,-,-,HIER_LEVEL_1,HIER_LEVEL_2,HIER_LEVEL_3,1
500-5197,1000,VIRTUAL,-,ROAD,10,1,0,DAYS,-,-,-,-,HIER_LEVEL_1,HIER_LEVEL_2,HIER_LEVEL_3,1
500-5225,1000,VIRTUAL,-,ROAD,10,1,0,DAYS,-,-,-,-,HIER_LEVEL_1,HIER_LEVEL_2,HIER_LEVEL_3,1
500-5225,2000,VIRTUAL,-,ROAD,20,1,0,DAYS,-,-,-,-,HIER_LEVEL_1,HIER_LEVEL_2,HIER_LEVEL_3,1
500-5275,1000,VIRTUAL,-,ROAD,10,1,0,DAYS,-,-,-,-,HIER_LEVEL_1,HIER_LEVEL_2,HIER_LEVEL_3,1
500-5275,2000,VIRTUAL,-,ROAD,20,1,0,DAYS,-,-,-,-,HIER_LEVEL_1,HIER_LEVEL_2,HIER_LEVEL_3,1
500-5281,1000,VIRTUAL,-,ROAD,10,1,0,DAYS,-,-,-,-,HIER_LEVEL_1,HIER_LEVEL_2,HIER_LEVEL_3,1
500-5281,2000,VIRTUAL,-,ROAD,20,1,0,DAYS,-,-,-,-,HIER_LEVEL_1,HIER_LEVEL_2,HIER_LEVEL_3,1
500-5282,1000,VIRTUAL,-,ROAD,10,1,0,DAYS,-,-,-,-,HIER_LEVEL_1,HIER_LEVEL_2,HIER_LEVEL_3,1
500-5282,2000,VIRTUAL,-,ROAD,20,1,0,DAYS,-,-,-,-,HIER_LEVEL_1,HIER_LEVEL_2,HIER_LEVEL_3,1
500-5384,1000,VIRTUAL,-,ROAD,10,1,0,DAYS,-,-,-,-,HIER_LEVEL_1,HIER_LEVEL_2,HIER_LEVEL_3,1
500-5384,2000,VIRTUAL,-,ROAD,20,1,0,DAYS,-,-,-,-,HIER_LEVEL_1,HIER_LEVEL_2,HIER_LEVEL_3,1
500-5387,1000,VIRTUAL,-,ROAD,10,1,0,DAYS,-,-,-,-,HIER_LEVEL_1,HIER_LEVEL_2,HIER_LEVEL_3,1
500-5387,2000,VIRTUAL,-,ROAD,20,1,0,DAYS,-,-,-,-,HIER_LEVEL_1,HIER_LEVEL_2,HIER_LEVEL_3,1
500-5391-001,1000,VIRTUAL,-,ROAD,10,1,0,DAYS,-,-,-,-,HIER_LEVEL_1,HIER_LEVEL_2,HIER_LEVEL_3,1
500-5391-003,1000,VIRTUAL,-,ROAD,10,1,0,DAYS,-,-,-,-,HIER_LEVEL_1,HIER_LEVEL_2,HIER_LEVEL_3,1
500-5391-005,1000,VIRTUAL,-,ROAD,10,1,0,DAYS,-,-,-,-,HIER_LEVEL_1,HIER_LEVEL_2,HIER_LEVEL_3,1
500-5391-007,1000,VIRTUAL,-,ROAD,10,1,0,DAYS,-,-,-,-,HIER_LEVEL_1,HIER_LEVEL_2,HIER_LEVEL_3,1
500-5391-010,1000,VIRTUAL,-,ROAD,10,1,0,DAYS,-,-,-,-,HIER_LEVEL_1,HIER_LEVEL_2,HIER_LEVEL_3,1
500-5391-015,1000,VIRTUAL,-,ROAD,10,1,0,DAYS,-,-,-,-,HIER_LEVEL_1,HIER_LEVEL_2,HIER_LEVEL_3,1
500-5391-020,1000,VIRTUAL,-,ROAD,10,1,0,DAYS,-,-,-,-,HIER_LEVEL_1,HIER_LEVEL_2,HIER_LEVEL_3,1
500-5391-025,1000,VIRTUAL,-,ROAD,10,1,0,DAYS,-,-,-,-,HIER_LEVEL_1,HIER_LEVEL_2,HIER_LEVEL_3,1
500-5391-030,1000,VIRTUAL,-,ROAD,10,1,0,DAYS,-,-,-,-,HIER_LEVEL_1,HIER_LEVEL_2,HIER_LEVEL_3,1
500-5392,1000,VIRTUAL,-,ROAD,10,1,0,DAYS,-,-,-,-,HIER_LEVEL_1,HIER_LEVEL_2,HIER_LEVEL_3,1
500-5392,2000,VIRTUAL,-,ROAD,20,1,0,DAYS,-,-,-,-,HIER_LEVEL_1,HIER_LEVEL_2,HIER_LEVEL_3,1
500-5423,1000,VIRTUAL,-,ROAD,10,1,0,DAYS,-,-,-,-,HIER_LEVEL_1,HIER_LEVEL_2,HIER_LEVEL_3,1
500-5423,2000,VIRTUAL,-,ROAD,20,1,0,DAYS,-,-,-,-,HIER_LEVEL_1,HIER_LEVEL_2,HIER_LEVEL_3,1
500-5424,1000,VIRTUAL,-,ROAD,10,1,0,DAYS,-,-,-,-,HIER_LEVEL_1,HIER_LEVEL_2,HIER_LEVEL_3,1
500-5481,1000,VIRTUAL,-,ROAD,10,1,0,DAYS,-,-,-,-,HIER_LEVEL_1,HIER_LEVEL_2,HIER_LEVEL_3,1
500-5481,2000,VIRTUAL,-,ROAD,20,1,0,DAYS,-,-,-,-,HIER_LEVEL_1,HIER_LEVEL_2,HIER_LEVEL_3,1
500-5499,1000,VIRTUAL,-,ROAD,10,1,0,DAYS,-,-,-,-,HIER_LEVEL_1,HIER_LEVEL_2,HIER_LEVEL_3,1
500-5499,2000,VIRTUAL,-,ROAD,20,1,0,DAYS,-,-,-,-,HIER_LEVEL_1,HIER_LEVEL_2,HIER_LEVEL_3,1
500-5500,1000,VIRTUAL,-,ROAD,10,1,0,DAYS,-,-,-,-,HIER_LEVEL_1,HIER_LEVEL_2,HIER_LEVEL_3,1
500-5500,2000,VIRTUAL,-,ROAD,20,1,0,DAYS,-,-,-,-,HIER_LEVEL_1,HIER_LEVEL_2,HIER_LEVEL_3,1
500-5522,1000,VIRTUAL,-,ROAD,10,1,0,DAYS,-,-,-,-,HIER_LEVEL_1,HIER_LEVEL_2,HIER_LEVEL_3,1
500-5522,2000,VIRTUAL,-,ROAD,20,1,0,DAYS,-,-,-,-,HIER_LEVEL_1,HIER_LEVEL_2,HIER_LEVEL_3,1
500-5523,1000,VIRTUAL,-,ROAD,10,1,0,DAYS,-,-,-,-,HIER_LEVEL_1,HIER_LEVEL_2,HIER_LEVEL_3,1
500-5523,2000,VIRTUAL,-,ROAD,20,1,0,DAYS,-,-,-,-,HIER_LEVEL_1,HIER_LEVEL_2,HIER_LEVEL_3,1
500-5529,1000,VIRTUAL,-,ROAD,10,1,0,DAYS,-,-,-,-,HIER_LEVEL_1,HIER_LEVEL_2,HIER_LEVEL_3,1
500-5529,2000,VIRTUAL,-,ROAD,20,1,0,DAYS,-,-,-,-,HIER_LEVEL_1,HIER_LEVEL_2,HIER_LEVEL_3,1
500-5550,1000,VIRTUAL,-,ROAD,10,1,0,DAYS,-,-,-,-,HIER_LEVEL_1,HIER_LEVEL_2,HIER_LEVEL_3,1
500-5550,2000,VIRTUAL,-,ROAD,20,1,0,DAYS,-,-,-,-,HIER_LEVEL_1,HIER_LEVEL_2,HIER_LEVEL_3,1
500-5594,1000,VIRTUAL,-,ROAD,10,1,0,DAYS,-,-,-,-,HIER_LEVEL_1,HIER_LEVEL_2,HIER_LEVEL_3,1
500-5594,2000,VIRTUAL,-,ROAD,20,1,0,DAYS,-,-,-,-,HIER_LEVEL_1,HIER_LEVEL_2,HIER_LEVEL_3,1
500-5595,1000,VIRTUAL,-,ROAD,10,1,0,DAYS,-,-,-,-,HIER_LEVEL_1,HIER_LEVEL_2,HIER_LEVEL_3,1
500-5595,2000,VIRTUAL,-,ROAD,20,1,0,DAYS,-,-,-,-,HIER_LEVEL_1,HIER_LEVEL_2,HIER_LEVEL_3,1
500-5596,1000,VIRTUAL,-,ROAD,10,1,0,DAYS,-,-,-,-,HIER_LEVEL_1,HIER_LEVEL_2,HIER_LEVEL_3,1
500-5596,2000,VIRTUAL,-,ROAD,20,1,0,DAYS,-,-,-,-,HIER_LEVEL_1,HIER_LEVEL_2,HIER_LEVEL_3,1
500-5601,1000,VIRTUAL,-,ROAD,10,1,0,DAYS,-,-,-,-,HIER_LEVEL_1,HIER_LEVEL_2,HIER_LEVEL_3,1
500-5601,2000,VIRTUAL,-,ROAD,20,1,0,DAYS,-,-,-,-,HIER_LEVEL_1,HIER_LEVEL_2,HIER_LEVEL_3,1
500-5602,1000,VIRTUAL,-,ROAD,10,1,0,DAYS,-,-,-,-,HIER_LEVEL_1,HIER_LEVEL_2,HIER_LEVEL_3,1
500-5614-001,1000,VIRTUAL,-,ROAD,10,1,0,DAYS,-,-,-,-,HIER_LEVEL_1,HIER_LEVEL_2,HIER_LEVEL_3,1
500-5614-002,1000,VIRTUAL,-,ROAD,10,1,0,DAYS,-,-,-,-,HIER_LEVEL_1,HIER_LEVEL_2,HIER_LEVEL_3,1
500-5614-003,1000,VIRTUAL,-,ROAD,10,1,0,DAYS,-,-,-,-,HIER_LEVEL_1,HIER_LEVEL_2,HIER_LEVEL_3,1
500-5614-005,1000,VIRTUAL,-,ROAD,10,1,0,DAYS,-,-,-,-,HIER_LEVEL_1,HIER_LEVEL_2,HIER_LEVEL_3,1
500-5614-007,1000,VIRTUAL,-,ROAD,10,1,0,DAYS,-,-,-,-,HIER_LEVEL_1,HIER_LEVEL_2,HIER_LEVEL_3,1
500-5614-010,1000,VIRTUAL,-,ROAD,10,1,0,DAYS,-,-,-,-,HIER_LEVEL_1,HIER_LEVEL_2,HIER_LEVEL_3,1
500-5614-015,1000,VIRTUAL,-,ROAD,10,1,0,DAYS,-,-,-,-,HIER_LEVEL_1,HIER_LEVEL_2,HIER_LEVEL_3,1
500-5614-020,1000,VIRTUAL,-,ROAD,10,1,0,DAYS,-,-,-,-,HIER_LEVEL_1,HIER_LEVEL_2,HIER_LEVEL_3,1
500-5614-025,1000,VIRTUAL,-,ROAD,10,1,0,DAYS,-,-,-,-,HIER_LEVEL_1,HIER_LEVEL_2,HIER_LEVEL_3,1
500-5614-030,1000,VIRTUAL,-,ROAD,10,1,0,DAYS,-,-,-,-,HIER_LEVEL_1,HIER_LEVEL_2,HIER_LEVEL_3,1
500-5648,1000,VIRTUAL,-,ROAD,10,1,0,DAYS,-,-,-,-,HIER_LEVEL_1,HIER_LEVEL_2,HIER_LEVEL_3,1
500-5648,2000,VIRTUAL,-,ROAD,20,1,0,DAYS,-,-,-,-,HIER_LEVEL_1,HIER_LEVEL_2,HIER_LEVEL_3,1
500-5702,1000,VIRTUAL,-,ROAD,10,1,0,DAYS,-,-,-,-,HIER_LEVEL_1,HIER_LEVEL_2,HIER_LEVEL_3,1
500-5702,2000,VIRTUAL,-,ROAD,20,1,0,DAYS,-,-,-,-,HIER_LEVEL_1,HIER_LEVEL_2,HIER_LEVEL_3,1
500-5773,1000,VIRTUAL,-,ROAD,10,1,0,DAYS,-,-,-,-,HIER_LEVEL_1,HIER_LEVEL_2,HIER_LEVEL_3,1
500-5773,2000,VIRTUAL,-,ROAD,20,1,0,DAYS,-,-,-,-,HIER_LEVEL_1,HIER_LEVEL_2,HIER_LEVEL_3,1
500-5818,1000,VIRTUAL,-,ROAD,10,1,0,DAYS,-,-,-,-,HIER_LEVEL_1,HIER_LEVEL_2,HIER_LEVEL_3,1
500-5818,2000,VIRTUAL,-,ROAD,20,1,0,DAYS,-,-,-,-,HIER_LEVEL_1,HIER_LEVEL_2,HIER_LEVEL_3,1
500-5819,1000,VIRTUAL,-,ROAD,10,1,0,DAYS,-,-,-,-,HIER_LEVEL_1,HIER_LEVEL_2,HIER_LEVEL_3,1
500-5819,2000,VIRTUAL,-,ROAD,20,1,0,DAYS,-,-,-,-,HIER_LEVEL_1,HIER_LEVEL_2,HIER_LEVEL_3,1
500-5988,1000,VIRTUAL,-,ROAD,10,1,0,DAYS,-,-,-,-,HIER_LEVEL_1,HIER_LEVEL_2,HIER_LEVEL_3,1
500-5988,2000,VIRTUAL,-,ROAD,20,1,0,DAYS,-,-,-,-,HIER_LEVEL_1,HIER_LEVEL_2,HIER_LEVEL_3,1
500-5989,1000,VIRTUAL,-,ROAD,10,1,0,DAYS,-,-,-,-,HIER_LEVEL_1,HIER_LEVEL_2,HIER_LEVEL_3,1
500-5989,2000,VIRTUAL,-,ROAD,20,1,0,DAYS,-,-,-,-,HIER_LEVEL_1,HIER_LEVEL_2,HIER_LEVEL_3,1
500-5990,1000,VIRTUAL,-,ROAD,10,1,0,DAYS,-,-,-,-,HIER_LEVEL_1,HIER_LEVEL_2,HIER_LEVEL_3,1
500-5990,2000,VIRTUAL,-,ROAD,20,1,0,DAYS,-,-,-,-,HIER_LEVEL_1,HIER_LEVEL_2,HIER_LEVEL_3,1
500-6015,1000,VIRTUAL,-,ROAD,10,1,0,DAYS,-,-,-,-,HIER_LEVEL_1,HIER_LEVEL_2,HIER_LEVEL_3,1
500-6015,2000,VIRTUAL,-,ROAD,20,1,0,DAYS,-,-,-,-,HIER_LEVEL_1,HIER_LEVEL_2,HIER_LEVEL_3,1
500-6016,1000,VIRTUAL,-,ROAD,10,1,0,DAYS,-,-,-,-,HIER_LEVEL_1,HIER_LEVEL_2,HIER_LEVEL_3,1
500-6016,2000,VIRTUAL,-,ROAD,20,1,0,DAYS,-,-,-,-,HIER_LEVEL_1,HIER_LEVEL_2,HIER_LEVEL_3,1
500-6017,1000,VIRTUAL,-,ROAD,10,1,0,DAYS,-,-,-,-,HIER_LEVEL_1,HIER_LEVEL_2,HIER_LEVEL_3,1
500-6017,2000,VIRTUAL,-,ROAD,20,1,0,DAYS,-,-,-,-,HIER_LEVEL_1,HIER_LEVEL_2,HIER_LEVEL_3,1
500-6019,1000,VIRTUAL,-,ROAD,10,1,0,DAYS,-,-,-,-,HIER_LEVEL_1,HIER_LEVEL_2,HIER_LEVEL_3,1
500-6019,2000,VIRTUAL,-,ROAD,20,1,0,DAYS,-,-,-,-,HIER_LEVEL_1,HIER_LEVEL_2,HIER_LEVEL_3,1
500-6035,1000,VIRTUAL,-,ROAD,10,1,0,DAYS,-,-,-,-,HIER_LEVEL_1,HIER_LEVEL_2,HIER_LEVEL_3,1
500-6035,2000,VIRTUAL,-,ROAD,20,1,0,DAYS,-,-,-,-,HIER_LEVEL_1,HIER_LEVEL_2,HIER_LEVEL_3,1
500-6059,1000,VIRTUAL,-,ROAD,10,1,0,DAYS,-,-,-,-,HIER_LEVEL_1,HIER_LEVEL_2,HIER_LEVEL_3,1
500-6059,2000,VIRTUAL,-,ROAD,20,1,0,DAYS,-,-,-,-,HIER_LEVEL_1,HIER_LEVEL_2,HIER_LEVEL_3,1
500-6080,1000,VIRTUAL,-,ROAD,10,1,0,DAYS,-,-,-,-,HIER_LEVEL_1,HIER_LEVEL_2,HIER_LEVEL_3,1
500-6159-001,1000,VIRTUAL,-,ROAD,10,1,0,DAYS,-,-,-,-,HIER_LEVEL_1,HIER_LEVEL_2,HIER_LEVEL_3,1
500-6159-003,1000,VIRTUAL,-,ROAD,10,1,0,DAYS,-,-,-,-,HIER_LEVEL_1,HIER_LEVEL_2,HIER_LEVEL_3,1
500-6159-005,1000,VIRTUAL,-,ROAD,10,1,0,DAYS,-,-,-,-,HIER_LEVEL_1,HIER_LEVEL_2,HIER_LEVEL_3,1
500-6159-015,1000,VIRTUAL,-,ROAD,10,1,0,DAYS,-,-,-,-,HIER_LEVEL_1,HIER_LEVEL_2,HIER_LEVEL_3,1
500-6159-020,1000,VIRTUAL,-,ROAD,10,1,0,DAYS,-,-,-,-,HIER_LEVEL_1,HIER_LEVEL_2,HIER_LEVEL_3,1
500-6159-025,1000,VIRTUAL,-,ROAD,10,1,0,DAYS,-,-,-,-,HIER_LEVEL_1,HIER_LEVEL_2,HIER_LEVEL_3,1
500-6160,1000,VIRTUAL,-,ROAD,10,1,0,DAYS,-,-,-,-,HIER_LEVEL_1,HIER_LEVEL_2,HIER_LEVEL_3,1
500-6160,2000,VIRTUAL,-,ROAD,20,1,0,DAYS,-,-,-,-,HIER_LEVEL_1,HIER_LEVEL_2,HIER_LEVEL_3,1
500-6161,1000,VIRTUAL,-,ROAD,10,1,0,DAYS,-,-,-,-,HIER_LEVEL_1,HIER_LEVEL_2,HIER_LEVEL_3,1
500-6161,2000,VIRTUAL,-,ROAD,20,1,0,DAYS,-,-,-,-,HIER_LEVEL_1,HIER_LEVEL_2,HIER_LEVEL_3,1
500-6204,1000,VIRTUAL,-,ROAD,10,1,0,DAYS,-,-,-,-,HIER_LEVEL_1,HIER_LEVEL_2,HIER_LEVEL_3,1
500-6204,2000,VIRTUAL,-,ROAD,20,1,0,DAYS,-,-,-,-,HIER_LEVEL_1,HIER_LEVEL_2,HIER_LEVEL_3,1
500-6262,1000,VIRTUAL,-,ROAD,10,1,0,DAYS,-,-,-,-,HIER_LEVEL_1,HIER_LEVEL_2,HIER_LEVEL_3,1
500-6262,2000,VIRTUAL,-,ROAD,20,1,0,DAYS,-,-,-,-,HIER_LEVEL_1,HIER_LEVEL_2,HIER_LEVEL_3,1
500-6266,1000,VIRTUAL,-,ROAD,10,1,0,DAYS,-,-,-,-,HIER_LEVEL_1,HIER_LEVEL_2,HIER_LEVEL_3,1
500-6266,2000,VIRTUAL,-,ROAD,20,1,0,DAYS,-,-,-,-,HIER_LEVEL_1,HIER_LEVEL_2,HIER_LEVEL_3,1
500-6267,1000,VIRTUAL,-,ROAD,10,1,0,DAYS,-,-,-,-,HIER_LEVEL_1,HIER_LEVEL_2,HIER_LEVEL_3,1
500-6267,2000,VIRTUAL,-,ROAD,20,1,0,DAYS,-,-,-,-,HIER_LEVEL_1,HIER_LEVEL_2,HIER_LEVEL_3,1
500-6282-010,1000,VIRTUAL,-,ROAD,10,1,0,DAYS,-,-,-,-,HIER_LEVEL_1,HIER_LEVEL_2,HIER_LEVEL_3,1
500-6283-010,1000,VIRTUAL,-,ROAD,10,1,0,DAYS,-,-,-,-,HIER_LEVEL_1,HIER_LEVEL_2,HIER_LEVEL_3,1
500-6285,1000,VIRTUAL,-,ROAD,10,1,0,DAYS,-,-,-,-,HIER_LEVEL_1,HIER_LEVEL_2,HIER_LEVEL_3,1
500-6285,2000,VIRTUAL,-,ROAD,20,1,0,DAYS,-,-,-,-,HIER_LEVEL_1,HIER_LEVEL_2,HIER_LEVEL_3,1
500-6336,1000,VIRTUAL,-,ROAD,10,1,0,DAYS,-,-,-,-,HIER_LEVEL_1,HIER_LEVEL_2,HIER_LEVEL_3,1
500-6336,2000,VIRTUAL,-,ROAD,20,1,0,DAYS,-,-,-,-,HIER_LEVEL_1,HIER_LEVEL_2,HIER_LEVEL_3,1
500-6357-001,1000,VIRTUAL,-,ROAD,10,1,0,DAYS,-,-,-,-,HIER_LEVEL_1,HIER_LEVEL_2,HIER_LEVEL_3,1
500-6357-003,1000,VIRTUAL,-,ROAD,10,1,0,DAYS,-,-,-,-,HIER_LEVEL_1,HIER_LEVEL_2,HIER_LEVEL_3,1
500-6357-010,1000,VIRTUAL,-,ROAD,10,1,0,DAYS,-,-,-,-,HIER_LEVEL_1,HIER_LEVEL_2,HIER_LEVEL_3,1
500-6382-010,1000,VIRTUAL,-,ROAD,10,1,0,DAYS,-,-,-,-,HIER_LEVEL_1,HIER_LEVEL_2,HIER_LEVEL_3,1
500-6394-010,1000,VIRTUAL,-,ROAD,10,1,0,DAYS,-,-,-,-,HIER_LEVEL_1,HIER_LEVEL_2,HIER_LEVEL_3,1
500-6417,1000,VIRTUAL,-,ROAD,10,1,0,DAYS,-,-,-,-,HIER_LEVEL_1,HIER_LEVEL_2,HIER_LEVEL_3,1
500-6417,2000,VIRTUAL,-,ROAD,20,1,0,DAYS,-,-,-,-,HIER_LEVEL_1,HIER_LEVEL_2,HIER_LEVEL_3,1
500-6420,1000,VIRTUAL,-,ROAD,10,1,0,DAYS,-,-,-,-,HIER_LEVEL_1,HIER_LEVEL_2,HIER_LEVEL_3,1
500-6420,2000,VIRTUAL,-,ROAD,20,1,0,DAYS,-,-,-,-,HIER_LEVEL_1,HIER_LEVEL_2,HIER_LEVEL_3,1
500-6421,1000,VIRTUAL,-,ROAD,10,1,0,DAYS,-,-,-,-,HIER_LEVEL_1,HIER_LEVEL_2,HIER_LEVEL_3,1
500-6421,2000,VIRTUAL,-,ROAD,20,1,0,DAYS,-,-,-,-,HIER_LEVEL_1,HIER_LEVEL_2,HIER_LEVEL_3,1
500-6433,1000,VIRTUAL,-,ROAD,10,1,0,DAYS,-,-,-,-,HIER_LEVEL_1,HIER_LEVEL_2,HIER_LEVEL_3,1
500-6433,2000,VIRTUAL,-,ROAD,20,1,0,DAYS,-,-,-,-,HIER_LEVEL_1,HIER_LEVEL_2,HIER_LEVEL_3,1
500-6448,1000,VIRTUAL,-,ROAD,10,1,0,DAYS,-,-,-,-,HIER_LEVEL_1,HIER_LEVEL_2,HIER_LEVEL_3,1
500-6448,2000,VIRTUAL,-,ROAD,20,1,0,DAYS,-,-,-,-,HIER_LEVEL_1,HIER_LEVEL_2,HIER_LEVEL_3,1
500-6485,1000,VIRTUAL,-,ROAD,10,1,0,DAYS,-,-,-,-,HIER_LEVEL_1,HIER_LEVEL_2,HIER_LEVEL_3,1
500-6485,2000,VIRTUAL,-,ROAD,20,1,0,DAYS,-,-,-,-,HIER_LEVEL_1,HIER_LEVEL_2,HIER_LEVEL_3,1
500-6496,1000,VIRTUAL,-,ROAD,10,1,0,DAYS,-,-,-,-,HIER_LEVEL_1,HIER_LEVEL_2,HIER_LEVEL_3,1
500-6496,2000,VIRTUAL,-,ROAD,20,1,0,DAYS,-,-,-,-,HIER_LEVEL_1,HIER_LEVEL_2,HIER_LEVEL_3,1
500-6512,1000,VIRTUAL,-,ROAD,10,1,0,DAYS,-,-,-,-,HIER_LEVEL_1,HIER_LEVEL_2,HIER_LEVEL_3,1
500-6512,2000,VIRTUAL,-,ROAD,20,1,0,DAYS,-,-,-,-,HIER_LEVEL_1,HIER_LEVEL_2,HIER_LEVEL_3,1
500-6681,1000,VIRTUAL,-,ROAD,10,1,0,DAYS,-,-,-,-,HIER_LEVEL_1,HIER_LEVEL_2,HIER_LEVEL_3,1
500-6681,2000,VIRTUAL,-,ROAD,20,1,0,DAYS,-,-,-,-,HIER_LEVEL_1,HIER_LEVEL_2,HIER_LEVEL_3,1
500-6726,1000,VIRTUAL,-,ROAD,10,1,0,DAYS,-,-,-,-,HIER_LEVEL_1,HIER_LEVEL_2,HIER_LEVEL_3,1
500-6726,2000,VIRTUAL,-,ROAD,20,1,0,DAYS,-,-,-,-,HIER_LEVEL_1,HIER_LEVEL_2,HIER_LEVEL_3,1
500-6803,1000,VIRTUAL,-,ROAD,10,1,0,DAYS,-,-,-,-,HIER_LEVEL_1,HIER_LEVEL_2,HIER_LEVEL_3,1
500-6803,2000,VIRTUAL,-,ROAD,20,1,0,DAYS,-,-,-,-,HIER_LEVEL_1,HIER_LEVEL_2,HIER_LEVEL_3,1
500-6912,1000,VIRTUAL,-,ROAD,10,1,0,DAYS,-,-,-,-,HIER_LEVEL_1,HIER_LEVEL_2,HIER_LEVEL_3,1
500-6912,2000,VIRTUAL,-,ROAD,20,1,0,DAYS,-,-,-,-,HIER_LEVEL_1,HIER_LEVEL_2,HIER_LEVEL_3,1
500-6984,1000,VIRTUAL,-,ROAD,10,1,0,DAYS,-,-,-,-,HIER_LEVEL_1,HIER_LEVEL_2,HIER_LEVEL_3,1
500-6984,2000,VIRTUAL,-,ROAD,20,1,0,DAYS,-,-,-,-,HIER_LEVEL_1,HIER_LEVEL_2,HIER_LEVEL_3,1
500-7041,1000,VIRTUAL,-,ROAD,10,1,0,DAYS,-,-,-,-,HIER_LEVEL_1,HIER_LEVEL_2,HIER_LEVEL_3,1
500-7041,2000,VIRTUAL,-,ROAD,20,1,0,DAYS,-,-,-,-,HIER_LEVEL_1,HIER_LEVEL_2,HIER_LEVEL_3,1
500-7073,1000,VIRTUAL,-,ROAD,10,1,0,DAYS,-,-,-,-,HIER_LEVEL_1,HIER_LEVEL_2,HIER_LEVEL_3,1
500-7073,2000,VIRTUAL,-,ROAD,20,1,0,DAYS,-,-,-,-,HIER_LEVEL_1,HIER_LEVEL_2,HIER_LEVEL_3,1
504-1319,SUB_PCBA,1000,-,ROAD,10,1,2,DAYS,-,-,-,-,HIER_LEVEL_1,HIER_LEVEL_2,HIER_LEVEL_3,1
504-1319,SUB_PCBA,2000,-,ROAD,10,1,2,DAYS,-,-,-,-,HIER_LEVEL_1,HIER_LEVEL_2,HIER_LEVEL_3,1
504-1354,SUB_PCBA,1000,-,ROAD,10,1,2,DAYS,-,-,-,-,HIER_LEVEL_1,HIER_LEVEL_2,HIER_LEVEL_3,1
504-1354,SUB_PCBA,2000,-,ROAD,10,1,2,DAYS,-,-,-,-,HIER_LEVEL_1,HIER_LEVEL_2,HIER_LEVEL_3,1
504-1357,1000,2000,-,ROAD,10,1,2,DAYS,-,-,-,-,HIER_LEVEL_1,HIER_LEVEL_2,HIER_LEVEL_3,1
504-1360,1000,2000,-,ROAD,10,1,2,DAYS,-,-,-,-,HIER_LEVEL_1,HIER_LEVEL_2,HIER_LEVEL_3,1
504-1369,SUB_PCBA,2000,-,ROAD,10,1,2,DAYS,-,-,-,-,HIER_LEVEL_1,HIER_LEVEL_2,HIER_LEVEL_3,1
504-1369,SUB_PCBA,1000,-,ROAD,10,1,2,DAYS,-,-,-,-,HIER_LEVEL_1,HIER_LEVEL_2,HIER_LEVEL_3,1
504-1389,1000,2000,-,ROAD,10,1,2,DAYS,-,-,-,-,HIER_LEVEL_1,HIER_LEVEL_2,HIER_LEVEL_3,1
504-1392,1000,2000,-,ROAD,10,1,2,DAYS,-,-,-,-,HIER_LEVEL_1,HIER_LEVEL_2,HIER_LEVEL_3,1
504-1397,1000,2000,-,ROAD,10,1,2,DAYS,-,-,-,-,HIER_LEVEL_1,HIER_LEVEL_2,HIER_LEVEL_3,1
504-1399,SUB_PCBA,2000,-,ROAD,10,1,2,DAYS,-,-,-,-,HIER_LEVEL_1,HIER_LEVEL_2,HIER_LEVEL_3,1
504-1399,SUB_PCBA,1000,-,ROAD,10,1,2,DAYS,-,-,-,-,HIER_LEVEL_1,HIER_LEVEL_2,HIER_LEVEL_3,1
504-1403,1000,2000,-,ROAD,10,1,2,DAYS,-,-,-,-,HIER_LEVEL_1,HIER_LEVEL_2,HIER_LEVEL_3,1
504-1431,SUB_PCBA,1000,-,ROAD,10,1,2,DAYS,-,-,-,-,HIER_LEVEL_1,HIER_LEVEL_2,HIER_LEVEL_3,1
504-1431,SUB_PCBA,2000,-,ROAD,10,1,2,DAYS,-,-,-,-,HIER_LEVEL_1,HIER_LEVEL_2,HIER_LEVEL_3,1
504-1485,1000,2000,-,ROAD,10,1,2,DAYS,-,-,-,-,HIER_LEVEL_1,HIER_LEVEL_2,HIER_LEVEL_3,1
504-1486,1000,2000,-,ROAD,10,1,2,DAYS,-,-,-,-,HIER_LEVEL_1,HIER_LEVEL_2,HIER_LEVEL_3,1
504-1487,1000,2000,-,ROAD,10,1,2,DAYS,-,-,-,-,HIER_LEVEL_1,HIER_LEVEL_2,HIER_LEVEL_3,1
504-1521,1000,2000,-,ROAD,10,1,2,DAYS,-,-,-,-,HIER_LEVEL_1,HIER_LEVEL_2,HIER_LEVEL_3,1
504-1532,SUB_PCBA,2000,-,ROAD,10,1,2,DAYS,-,-,-,-,HIER_LEVEL_1,HIER_LEVEL_2,HIER_LEVEL_3,1
504-1532,SUB_PCBA,1000,-,ROAD,10,1,2,DAYS,-,-,-,-,HIER_LEVEL_1,HIER_LEVEL_2,HIER_LEVEL_3,1
504-1532-R,SUB_PCBA,2000,-,ROAD,10,1,2,DAYS,-,-,-,-,HIER_LEVEL_1,HIER_LEVEL_2,HIER_LEVEL_3,1
504-1532-R,SUB_PCBA,1000,-,ROAD,10,1,2,DAYS,-,-,-,-,HIER_LEVEL_1,HIER_LEVEL_2,HIER_LEVEL_3,1
504-1548,SUB_PCBA,2000,-,ROAD,10,1,2,DAYS,-,-,-,-,HIER_LEVEL_1,HIER_LEVEL_2,HIER_LEVEL_3,1
504-1548,SUB_PCBA,1000,-,ROAD,10,1,2,DAYS,-,-,-,-,HIER_LEVEL_1,HIER_LEVEL_2,HIER_LEVEL_3,1
504-1550,SUB_PCBA,1000,-,ROAD,10,1,2,DAYS,-,-,-,-,HIER_LEVEL_1,HIER_LEVEL_2,HIER_LEVEL_3,1
504-1568,1000,2000,-,ROAD,10,1,2,DAYS,-,-,-,-,HIER_LEVEL_1,HIER_LEVEL_2,HIER_LEVEL_3,1
504-1569,1000,2000,-,ROAD,10,1,2,DAYS,-,-,-,-,HIER_LEVEL_1,HIER_LEVEL_2,HIER_LEVEL_3,1
504-1570,1000,2000,-,ROAD,10,1,2,DAYS,-,-,-,-,HIER_LEVEL_1,HIER_LEVEL_2,HIER_LEVEL_3,1
504-1579,1000,2000,-,ROAD,10,1,2,DAYS,-,-,-,-,HIER_LEVEL_1,HIER_LEVEL_2,HIER_LEVEL_3,1
504-1616,SUB_PCBA,1000,-,ROAD,10,1,2,DAYS,-,-,-,-,HIER_LEVEL_1,HIER_LEVEL_2,HIER_LEVEL_3,1
504-1693,SUB_PCBA,2000,-,ROAD,10,1,2,DAYS,-,-,-,-,HIER_LEVEL_1,HIER_LEVEL_2,HIER_LEVEL_3,1
504-1693,SUB_PCBA,1000,-,ROAD,10,1,2,DAYS,-,-,-,-,HIER_LEVEL_1,HIER_LEVEL_2,HIER_LEVEL_3,1
504-1694,SUB_PCBA,1000,-,ROAD,10,1,2,DAYS,-,-,-,-,HIER_LEVEL_1,HIER_LEVEL_2,HIER_LEVEL_3,1
504-1694,SUB_PCBA,2000,-,ROAD,10,1,2,DAYS,-,-,-,-,HIER_LEVEL_1,HIER_LEVEL_2,HIER_LEVEL_3,1
504-1712,SUB_PCBA,1000,-,ROAD,10,1,2,DAYS,-,-,-,-,HIER_LEVEL_1,HIER_LEVEL_2,HIER_LEVEL_3,1
504-1718,SUB_PCBA,2000,-,ROAD,10,1,2,DAYS,-,-,-,-,HIER_LEVEL_1,HIER_LEVEL_2,HIER_LEVEL_3,1
504-1718,SUB_PCBA,1000,-,ROAD,10,1,2,DAYS,-,-,-,-,HIER_LEVEL_1,HIER_LEVEL_2,HIER_LEVEL_3,1
504-1728,SUB_PCBA,2000,-,ROAD,10,1,2,DAYS,-,-,-,-,HIER_LEVEL_1,HIER_LEVEL_2,HIER_LEVEL_3,1
504-1728,SUB_PCBA,1000,-,ROAD,10,1,2,DAYS,-,-,-,-,HIER_LEVEL_1,HIER_LEVEL_2,HIER_LEVEL_3,1
504-1746,SUB_PCBA,1000,-,ROAD,10,1,2,DAYS,-,-,-,-,HIER_LEVEL_1,HIER_LEVEL_2,HIER_LEVEL_3,1
504-1753,SUB_PCBA,2000,-,ROAD,10,1,2,DAYS,-,-,-,-,HIER_LEVEL_1,HIER_LEVEL_2,HIER_LEVEL_3,1
504-1753,SUB_PCBA,1000,-,ROAD,10,1,2,DAYS,-,-,-,-,HIER_LEVEL_1,HIER_LEVEL_2,HIER_LEVEL_3,1
504-1815,SUB_PCBA,1000,-,ROAD,10,1,2,DAYS,-,-,-,-,HIER_LEVEL_1,HIER_LEVEL_2,HIER_LEVEL_3,1
504-1815,SUB_PCBA,2000,-,ROAD,10,1,2,DAYS,-,-,-,-,HIER_LEVEL_1,HIER_LEVEL_2,HIER_LEVEL_3,1
504-1817,SUB_PCBA,1000,-,ROAD,10,1,2,DAYS,-,-,-,-,HIER_LEVEL_1,HIER_LEVEL_2,HIER_LEVEL_3,1
504-1817,SUB_PCBA,2000,-,ROAD,10,1,2,DAYS,-,-,-,-,HIER_LEVEL_1,HIER_LEVEL_2,HIER_LEVEL_3,1
504-1818,SUB_PCBA,1000,-,ROAD,10,1,2,DAYS,-,-,-,-,HIER_LEVEL_1,HIER_LEVEL_2,HIER_LEVEL_3,1
504-1820,1000,2000,-,ROAD,10,1,2,DAYS,-,-,-,-,HIER_LEVEL_1,HIER_LEVEL_2,HIER_LEVEL_3,1
504-1821,1000,2000,-,ROAD,10,1,2,DAYS,-,-,-,-,HIER_LEVEL_1,HIER_LEVEL_2,HIER_LEVEL_3,1
504-1877,SUB_PCBA,1000,-,ROAD,10,1,2,DAYS,-,-,-,-,HIER_LEVEL_1,HIER_LEVEL_2,HIER_LEVEL_3,1
504-1877,SUB_PCBA,2000,-,ROAD,10,1,2,DAYS,-,-,-,-,HIER_LEVEL_1,HIER_LEVEL_2,HIER_LEVEL_3,1
504-1878,SUB_PCBA,2000,-,ROAD,10,1,2,DAYS,-,-,-,-,HIER_LEVEL_1,HIER_LEVEL_2,HIER_LEVEL_3,1
504-1878,SUB_PCBA,1000,-,ROAD,10,1,2,DAYS,-,-,-,-,HIER_LEVEL_1,HIER_LEVEL_2,HIER_LEVEL_3,1
504-1880,1000,2000,-,ROAD,10,1,2,DAYS,-,-,-,-,HIER_LEVEL_1,HIER_LEVEL_2,HIER_LEVEL_3,1
504-1881,1000,2000,-,ROAD,10,1,2,DAYS,-,-,-,-,HIER_LEVEL_1,HIER_LEVEL_2,HIER_LEVEL_3,1
504-1882,1000,2000,-,ROAD,10,1,2,DAYS,-,-,-,-,HIER_LEVEL_1,HIER_LEVEL_2,HIER_LEVEL_3,1
504-1936,1000,2000,-,ROAD,10,1,2,DAYS,-,-,-,-,HIER_LEVEL_1,HIER_LEVEL_2,HIER_LEVEL_3,1
504-1972,1000,2000,-,ROAD,10,1,2,DAYS,-,-,-,-,HIER_LEVEL_1,HIER_LEVEL_2,HIER_LEVEL_3,1
504-1973,1000,2000,-,ROAD,10,1,2,DAYS,-,-,-,-,HIER_LEVEL_1,HIER_LEVEL_2,HIER_LEVEL_3,1
504-2020-CD,SUB_PCBA,2000,-,ROAD,10,1,2,DAYS,-,-,-,-,HIER_LEVEL_1,HIER_LEVEL_2,HIER_LEVEL_3,1
504-2020-CD,SUB_PCBA,1000,-,ROAD,10,1,2,DAYS,-,-,-,-,HIER_LEVEL_1,HIER_LEVEL_2,HIER_LEVEL_3,1
504-2120-CD,SUB_PCBA,2000,-,ROAD,10,1,2,DAYS,-,-,-,-,HIER_LEVEL_1,HIER_LEVEL_2,HIER_LEVEL_3,1
504-2120-CD,SUB_PCBA,1000,-,ROAD,10,1,2,DAYS,-,-,-,-,HIER_LEVEL_1,HIER_LEVEL_2,HIER_LEVEL_3,1
504-2129-CD,SUB_PCBA,1000,-,ROAD,10,1,2,DAYS,-,-,-,-,HIER_LEVEL_1,HIER_LEVEL_2,HIER_LEVEL_3,1
561-0026,1000,VIRTUAL,-,ROAD,10,1,0,DAYS,-,-,-,-,HIER_LEVEL_1,HIER_LEVEL_2,HIER_LEVEL_3,1
561-0056,1000,VIRTUAL,-,ROAD,10,1,0,DAYS,-,-,-,-,HIER_LEVEL_1,HIER_LEVEL_2,HIER_LEVEL_3,1
561-0057,1000,VIRTUAL,-,ROAD,10,1,0,DAYS,-,-,-,-,HIER_LEVEL_1,HIER_LEVEL_2,HIER_LEVEL_3,1
100-0074,2000,SUB_PCBA,-,ROAD,20,0.1,2,DAYS,-,-,-,-,HIER_LEVEL_1,HIER_LEVEL_2,HIER_LEVEL_3,1
100-0033,1000,SUB_PCBA,-,ROAD,10,0.1,2,DAYS,-,-,-,-,HIER_LEVEL_1,HIER_LEVEL_2,HIER_LEVEL_3,1
100-0024,1000,SUB_PCBA,-,ROAD,10,0.1,2,DAYS,-,-,-,-,HIER_LEVEL_1,HIER_LEVEL_2,HIER_LEVEL_3,1
100-0024,5000,SUB_PCBA,-,ROAD,30,0.1,2,DAYS,-,-,-,-,HIER_LEVEL_1,HIER_LEVEL_2,HIER_LEVEL_3,1
100-0021,1000,SUB_PCBA,-,ROAD,10,0.1,2,DAYS,-,-,-,-,HIER_LEVEL_1,HIER_LEVEL_2,HIER_LEVEL_3,1
100-0021,2000,SUB_PCBA,-,ROAD,20,0.1,2,DAYS,-,-,-,-,HIER_LEVEL_1,HIER_LEVEL_2,HIER_LEVEL_3,1
100-0031,2000,SUB_PCBA,-,ROAD,20,0.1,2,DAYS,-,-,-,-,HIER_LEVEL_1,HIER_LEVEL_2,HIER_LEVEL_3,1
100-0031,1000,SUB_PCBA,-,ROAD,10,0.1,2,DAYS,-,-,-,-,HIER_LEVEL_1,HIER_LEVEL_2,HIER_LEVEL_3,1
100-0086-01,1000,SUB_PCBA,-,ROAD,10,0.1,2,DAYS,-,-,-,-,HIER_LEVEL_1,HIER_LEVEL_2,HIER_LEVEL_3,1
100-0122,2000,SUB_PCBA,-,ROAD,20,0.1,2,DAYS,-,-,-,-,HIER_LEVEL_1,HIER_LEVEL_2,HIER_LEVEL_3,1
100-0088,1000,SUB_PCBA,-,ROAD,10,0.1,2,DAYS,-,-,-,-,HIER_LEVEL_1,HIER_LEVEL_2,HIER_LEVEL_3,1
100-0088,5000,SUB_PCBA,-,ROAD,30,0.1,2,DAYS,-,-,-,-,HIER_LEVEL_1,HIER_LEVEL_2,HIER_LEVEL_3,1
100-0088,2000,SUB_PCBA,-,ROAD,20,0.1,2,DAYS,-,-,-,-,HIER_LEVEL_1,HIER_LEVEL_2,HIER_LEVEL_3,1
100-0018,1000,SUB_PCBA,-,ROAD,10,0.1,2,DAYS,-,-,-,-,HIER_LEVEL_1,HIER_LEVEL_2,HIER_LEVEL_3,1
100-0018,2000,SUB_PCBA,-,ROAD,20,0.1,2,DAYS,-,-,-,-,HIER_LEVEL_1,HIER_LEVEL_2,HIER_LEVEL_3,1
100-0222,1000,SUB_PCBA,-,ROAD,10,0.1,2,DAYS,-,-,-,-,HIER_LEVEL_1,HIER_LEVEL_2,HIER_LEVEL_3,1
100-0222,2000,SUB_PCBA,-,ROAD,20,0.1,2,DAYS,-,-,-,-,HIER_LEVEL_1,HIER_LEVEL_2,HIER_LEVEL_3,1
110-0001,2000,SUB_PCBA,-,ROAD,20,0.1,2,DAYS,-,-,-,-,HIER_LEVEL_1,HIER_LEVEL_2,HIER_LEVEL_3,1
100-0033,2000,SUB_PCBA,-,ROAD,20,0.1,2,DAYS,-,-,-,-,HIER_LEVEL_1,HIER_LEVEL_2,HIER_LEVEL_3,1
100-0038,5000,SUB_PCBA,-,ROAD,30,0.1,2,DAYS,-,-,-,-,HIER_LEVEL_1,HIER_LEVEL_2,HIER_LEVEL_3,1
100-0038,1000,SUB_PCBA,-,ROAD,10,0.1,2,DAYS,-,-,-,-,HIER_LEVEL_1,HIER_LEVEL_2,HIER_LEVEL_3,1
100-0024,2000,SUB_PCBA,-,ROAD,20,0.1,2,DAYS,-,-,-,-,HIER_LEVEL_1,HIER_LEVEL_2,HIER_LEVEL_3,1
100-0025,5000,SUB_PCBA,-,ROAD,30,0.1,2,DAYS,-,-,-,-,HIER_LEVEL_1,HIER_LEVEL_2,HIER_LEVEL_3,1
100-0025,1000,SUB_PCBA,-,ROAD,10,0.1,2,DAYS,-,-,-,-,HIER_LEVEL_1,HIER_LEVEL_2,HIER_LEVEL_3,1
100-0122,1000,SUB_PCBA,-,ROAD,10,0.1,2,DAYS,-,-,-,-,HIER_LEVEL_1,HIER_LEVEL_2,HIER_LEVEL_3,1
100-0143,1000,SUB_PCBA,-,ROAD,10,0.1,2,DAYS,-,-,-,-,HIER_LEVEL_1,HIER_LEVEL_2,HIER_LEVEL_3,1
100-0143,5000,SUB_PCBA,-,ROAD,30,0.1,2,DAYS,-,-,-,-,HIER_LEVEL_1,HIER_LEVEL_2,HIER_LEVEL_3,1
100-0143,2000,SUB_PCBA,-,ROAD,20,0.1,2,DAYS,-,-,-,-,HIER_LEVEL_1,HIER_LEVEL_2,HIER_LEVEL_3,1
100-0285,1000,SUB_PCBA,-,ROAD,10,0.1,2,DAYS,-,-,-,-,HIER_LEVEL_1,HIER_LEVEL_2,HIER_LEVEL_3,1
110-0002,1000,SUB_PCBA,-,ROAD,10,0.1,2,DAYS,-,-,-,-,HIER_LEVEL_1,HIER_LEVEL_2,HIER_LEVEL_3,1
110-0001,1000,SUB_PCBA,-,ROAD,10,0.1,2,DAYS,-,-,-,-,HIER_LEVEL_1,HIER_LEVEL_2,HIER_LEVEL_3,1
110-0001,5000,SUB_PCBA,-,ROAD,30,0.1,2,DAYS,-,-,-,-,HIER_LEVEL_1,HIER_LEVEL_2,HIER_LEVEL_3,1
110-0246,2000,SUB_PCBA,-,ROAD,20,0.1,2,DAYS,-,-,-,-,HIER_LEVEL_1,HIER_LEVEL_2,HIER_LEVEL_3,1
110-0246,1000,SUB_PCBA,-,ROAD,10,0.1,2,DAYS,-,-,-,-,HIER_LEVEL_1,HIER_LEVEL_2,HIER_LEVEL_3,1
110-0371,5000,SUB_PCBA,-,ROAD,30,0.1,2,DAYS,-,-,-,-,HIER_LEVEL_1,HIER_LEVEL_2,HIER_LEVEL_3,1
110-0371,1000,SUB_PCBA,-,ROAD,10,0.1,2,DAYS,-,-,-,-,HIER_LEVEL_1,HIER_LEVEL_2,HIER_LEVEL_3,1
110-0371,2000,SUB_PCBA,-,ROAD,20,0.1,2,DAYS,-,-,-,-,HIER_LEVEL_1,HIER_LEVEL_2,HIER_LEVEL_3,1
110-0372,1000,SUB_PCBA,-,ROAD,10,0.1,2,DAYS,-,-,-,-,HIER_LEVEL_1,HIER_LEVEL_2,HIER_LEVEL_3,1
110-0372,2000,SUB_PCBA,-,ROAD,20,0.1,2,DAYS,-,-,-,-,HIER_LEVEL_1,HIER_LEVEL_2,HIER_LEVEL_3,1
110-0375,2000,SUB_PCBA,-,ROAD,20,0.1,2,DAYS,-,-,-,-,HIER_LEVEL_1,HIER_LEVEL_2,HIER_LEVEL_3,1
110-0375,1000,SUB_PCBA,-,ROAD,10,0.1,2,DAYS,-,-,-,-,HIER_LEVEL_1,HIER_LEVEL_2,HIER_LEVEL_3,1
120-0100,2000,SUB_PCBA,-,ROAD,20,0.1,2,DAYS,-,-,-,-,HIER_LEVEL_1,HIER_LEVEL_2,HIER_LEVEL_3,1
100-0038,2000,SUB_PCBA,-,ROAD,20,0.1,2,DAYS,-,-,-,-,HIER_LEVEL_1,HIER_LEVEL_2,HIER_LEVEL_3,1
100-0061,2000,SUB_PCBA,-,ROAD,20,0.1,2,DAYS,-,-,-,-,HIER_LEVEL_1,HIER_LEVEL_2,HIER_LEVEL_3,1
100-0074,1000,SUB_PCBA,-,ROAD,10,0.1,2,DAYS,-,-,-,-,HIER_LEVEL_1,HIER_LEVEL_2,HIER_LEVEL_3,1
100-0106,1000,SUB_PCBA,-,ROAD,10,0.1,2,DAYS,-,-,-,-,HIER_LEVEL_1,HIER_LEVEL_2,HIER_LEVEL_3,1
100-0106,2000,SUB_PCBA,-,ROAD,20,0.1,2,DAYS,-,-,-,-,HIER_LEVEL_1,HIER_LEVEL_2,HIER_LEVEL_3,1
100-0300,1000,SUB_PCBA,-,ROAD,10,0.1,2,DAYS,-,-,-,-,HIER_LEVEL_1,HIER_LEVEL_2,HIER_LEVEL_3,1
100-0365,1000,SUB_PCBA,-,ROAD,10,0.1,2,DAYS,-,-,-,-,HIER_LEVEL_1,HIER_LEVEL_2,HIER_LEVEL_3,1
110-0011,1000,SUB_PCBA,-,ROAD,10,0.1,2,DAYS,-,-,-,-,HIER_LEVEL_1,HIER_LEVEL_2,HIER_LEVEL_3,1
100-0214,1000,SUB_PCBA,-,ROAD,10,0.1,2,DAYS,-,-,-,-,HIER_LEVEL_1,HIER_LEVEL_2,HIER_LEVEL_3,1
100-0214,2000,SUB_PCBA,-,ROAD,20,0.1,2,DAYS,-,-,-,-,HIER_LEVEL_1,HIER_LEVEL_2,HIER_LEVEL_3,1
110-0253,1000,SUB_PCBA,-,ROAD,10,0.1,2,DAYS,-,-,-,-,HIER_LEVEL_1,HIER_LEVEL_2,HIER_LEVEL_3,1
110-0253,2000,SUB_PCBA,-,ROAD,20,0.1,2,DAYS,-,-,-,-,HIER_LEVEL_1,HIER_LEVEL_2,HIER_LEVEL_3,1
110-0312,1000,SUB_PCBA,-,ROAD,10,0.1,2,DAYS,-,-,-,-,HIER_LEVEL_1,HIER_LEVEL_2,HIER_LEVEL_3,1
110-0312,2000,SUB_PCBA,-,ROAD,20,0.1,2,DAYS,-,-,-,-,HIER_LEVEL_1,HIER_LEVEL_2,HIER_LEVEL_3,1
110-0368,1000,SUB_PCBA,-,ROAD,10,0.1,2,DAYS,-,-,-,-,HIER_LEVEL_1,HIER_LEVEL_2,HIER_LEVEL_3,1
110-0368,2000,SUB_PCBA,-,ROAD,20,0.1,2,DAYS,-,-,-,-,HIER_LEVEL_1,HIER_LEVEL_2,HIER_LEVEL_3,1
110-0374,2000,SUB_PCBA,-,ROAD,20,0.1,2,DAYS,-,-,-,-,HIER_LEVEL_1,HIER_LEVEL_2,HIER_LEVEL_3,1
110-0374,1000,SUB_PCBA,-,ROAD,10,0.1,2,DAYS,-,-,-,-,HIER_LEVEL_1,HIER_LEVEL_2,HIER_LEVEL_3,1
110-0561,1000,SUB_PCBA,-,ROAD,10,0.1,2,DAYS,-,-,-,-,HIER_LEVEL_1,HIER_LEVEL_2,HIER_LEVEL_3,1
110-0624,1000,SUB_PCBA,-,ROAD,10,0.1,2,DAYS,-,-,-,-,HIER_LEVEL_1,HIER_LEVEL_2,HIER_LEVEL_3,1
110-0624,2000,SUB_PCBA,-,ROAD,20,0.1,2,DAYS,-,-,-,-,HIER_LEVEL_1,HIER_LEVEL_2,HIER_LEVEL_3,1
120-0029,1000,SUB_PCBA,-,ROAD,10,0.1,2,DAYS,-,-,-,-,HIER_LEVEL_1,HIER_LEVEL_2,HIER_LEVEL_3,1
120-0029,2000,SUB_PCBA,-,ROAD,20,0.1,2,DAYS,-,-,-,-,HIER_LEVEL_1,HIER_LEVEL_2,HIER_LEVEL_3,1
130-0077,2000,SUB_PCBA,-,ROAD,20,0.1,2,DAYS,-,-,-,-,HIER_LEVEL_1,HIER_LEVEL_2,HIER_LEVEL_3,1
100-0062,1000,SUB_PCBA,-,ROAD,10,0.1,2,DAYS,-,-,-,-,HIER_LEVEL_1,HIER_LEVEL_2,HIER_LEVEL_3,1
100-0062,5000,SUB_PCBA,-,ROAD,30,0.1,2,DAYS,-,-,-,-,HIER_LEVEL_1,HIER_LEVEL_2,HIER_LEVEL_3,1
100-0062,2000,SUB_PCBA,-,ROAD,20,0.1,2,DAYS,-,-,-,-,HIER_LEVEL_1,HIER_LEVEL_2,HIER_LEVEL_3,1
100-0073,1000,SUB_PCBA,-,ROAD,10,0.1,2,DAYS,-,-,-,-,HIER_LEVEL_1,HIER_LEVEL_2,HIER_LEVEL_3,1
110-0002,2000,SUB_PCBA,-,ROAD,20,0.1,2,DAYS,-,-,-,-,HIER_LEVEL_1,HIER_LEVEL_2,HIER_LEVEL_3,1
110-0161,1000,SUB_PCBA,-,ROAD,10,0.1,2,DAYS,-,-,-,-,HIER_LEVEL_1,HIER_LEVEL_2,HIER_LEVEL_3,1
110-0161,2000,SUB_PCBA,-,ROAD,20,0.1,2,DAYS,-,-,-,-,HIER_LEVEL_1,HIER_LEVEL_2,HIER_LEVEL_3,1
110-0177,1000,SUB_PCBA,-,ROAD,10,0.1,2,DAYS,-,-,-,-,HIER_LEVEL_1,HIER_LEVEL_2,HIER_LEVEL_3,1
110-0177,2000,SUB_PCBA,-,ROAD,20,0.1,2,DAYS,-,-,-,-,HIER_LEVEL_1,HIER_LEVEL_2,HIER_LEVEL_3,1
110-0207,1000,SUB_PCBA,-,ROAD,10,0.1,2,DAYS,-,-,-,-,HIER_LEVEL_1,HIER_LEVEL_2,HIER_LEVEL_3,1
120-0100,1000,SUB_PCBA,-,ROAD,10,0.1,2,DAYS,-,-,-,-,HIER_LEVEL_1,HIER_LEVEL_2,HIER_LEVEL_3,1
120-0129,1000,SUB_PCBA,-,ROAD,10,0.1,2,DAYS,-,-,-,-,HIER_LEVEL_1,HIER_LEVEL_2,HIER_LEVEL_3,1
120-0129,2000,SUB_PCBA,-,ROAD,20,0.1,2,DAYS,-,-,-,-,HIER_LEVEL_1,HIER_LEVEL_2,HIER_LEVEL_3,1
120-0249,1000,SUB_PCBA,-,ROAD,10,0.1,2,DAYS,-,-,-,-,HIER_LEVEL_1,HIER_LEVEL_2,HIER_LEVEL_3,1
120-0249,2000,SUB_PCBA,-,ROAD,20,0.1,2,DAYS,-,-,-,-,HIER_LEVEL_1,HIER_LEVEL_2,HIER_LEVEL_3,1
140-0240,1000,SUB_PCBA,-,ROAD,10,0.1,2,DAYS,-,-,-,-,HIER_LEVEL_1,HIER_LEVEL_2,HIER_LEVEL_3,1
100-0035,1000,SUB_PCBA,-,ROAD,10,0.1,2,DAYS,-,-,-,-,HIER_LEVEL_1,HIER_LEVEL_2,HIER_LEVEL_3,1
100-0035,2000,SUB_PCBA,-,ROAD,20,0.1,2,DAYS,-,-,-,-,HIER_LEVEL_1,HIER_LEVEL_2,HIER_LEVEL_3,1
100-0107,1000,SUB_PCBA,-,ROAD,10,0.1,2,DAYS,-,-,-,-,HIER_LEVEL_1,HIER_LEVEL_2,HIER_LEVEL_3,1
100-0107,2000,SUB_PCBA,-,ROAD,20,0.1,2,DAYS,-,-,-,-,HIER_LEVEL_1,HIER_LEVEL_2,HIER_LEVEL_3,1
100-0108,2000,SUB_PCBA,-,ROAD,20,0.1,2,DAYS,-,-,-,-,HIER_LEVEL_1,HIER_LEVEL_2,HIER_LEVEL_3,1
100-0108,1000,SUB_PCBA,-,ROAD,10,0.1,2,DAYS,-,-,-,-,HIER_LEVEL_1,HIER_LEVEL_2,HIER_LEVEL_3,1
100-0116,1000,SUB_PCBA,-,ROAD,10,0.1,2,DAYS,-,-,-,-,HIER_LEVEL_1,HIER_LEVEL_2,HIER_LEVEL_3,1
100-0116,5000,SUB_PCBA,-,ROAD,30,0.1,2,DAYS,-,-,-,-,HIER_LEVEL_1,HIER_LEVEL_2,HIER_LEVEL_3,1
100-0116,2000,SUB_PCBA,-,ROAD,20,0.1,2,DAYS,-,-,-,-,HIER_LEVEL_1,HIER_LEVEL_2,HIER_LEVEL_3,1
100-0142,1000,SUB_PCBA,-,ROAD,10,0.1,2,DAYS,-,-,-,-,HIER_LEVEL_1,HIER_LEVEL_2,HIER_LEVEL_3,1
100-0142,2000,SUB_PCBA,-,ROAD,20,0.1,2,DAYS,-,-,-,-,HIER_LEVEL_1,HIER_LEVEL_2,HIER_LEVEL_3,1
100-0268,1000,SUB_PCBA,-,ROAD,10,0.1,2,DAYS,-,-,-,-,HIER_LEVEL_1,HIER_LEVEL_2,HIER_LEVEL_3,1
100-0025,2000,SUB_PCBA,-,ROAD,20,0.1,2,DAYS,-,-,-,-,HIER_LEVEL_1,HIER_LEVEL_2,HIER_LEVEL_3,1
100-0054,1000,SUB_PCBA,-,ROAD,10,0.1,2,DAYS,-,-,-,-,HIER_LEVEL_1,HIER_LEVEL_2,HIER_LEVEL_3,1
100-0054,2000,SUB_PCBA,-,ROAD,20,0.1,2,DAYS,-,-,-,-,HIER_LEVEL_1,HIER_LEVEL_2,HIER_LEVEL_3,1
100-0086,1000,SUB_PCBA,-,ROAD,10,0.1,2,DAYS,-,-,-,-,HIER_LEVEL_1,HIER_LEVEL_2,HIER_LEVEL_3,1
100-0086,5000,SUB_PCBA,-,ROAD,30,0.1,2,DAYS,-,-,-,-,HIER_LEVEL_1,HIER_LEVEL_2,HIER_LEVEL_3,1
110-0207,2000,SUB_PCBA,-,ROAD,20,0.1,2,DAYS,-,-,-,-,HIER_LEVEL_1,HIER_LEVEL_2,HIER_LEVEL_3,1
110-0237,1000,SUB_PCBA,-,ROAD,10,0.1,2,DAYS,-,-,-,-,HIER_LEVEL_1,HIER_LEVEL_2,HIER_LEVEL_3,1
110-0237,2000,SUB_PCBA,-,ROAD,20,0.1,2,DAYS,-,-,-,-,HIER_LEVEL_1,HIER_LEVEL_2,HIER_LEVEL_3,1
110-0239,2000,SUB_PCBA,-,ROAD,20,0.1,2,DAYS,-,-,-,-,HIER_LEVEL_1,HIER_LEVEL_2,HIER_LEVEL_3,1
110-0239,1000,SUB_PCBA,-,ROAD,10,0.1,2,DAYS,-,-,-,-,HIER_LEVEL_1,HIER_LEVEL_2,HIER_LEVEL_3,1
110-0252,2000,SUB_PCBA,-,ROAD,20,0.1,2,DAYS,-,-,-,-,HIER_LEVEL_1,HIER_LEVEL_2,HIER_LEVEL_3,1
100-0061,1000,SUB_PCBA,-,ROAD,10,0.1,2,DAYS,-,-,-,-,HIER_LEVEL_1,HIER_LEVEL_2,HIER_LEVEL_3,1
100-0061,5000,SUB_PCBA,-,ROAD,30,0.1,2,DAYS,-,-,-,-,HIER_LEVEL_1,HIER_LEVEL_2,HIER_LEVEL_3,1
100-0073,2000,SUB_PCBA,-,ROAD,20,0.1,2,DAYS,-,-,-,-,HIER_LEVEL_1,HIER_LEVEL_2,HIER_LEVEL_3,1
100-0141,1000,SUB_PCBA,-,ROAD,10,0.1,2,DAYS,-,-,-,-,HIER_LEVEL_1,HIER_LEVEL_2,HIER_LEVEL_3,1
100-0141,2000,SUB_PCBA,-,ROAD,20,0.1,2,DAYS,-,-,-,-,HIER_LEVEL_1,HIER_LEVEL_2,HIER_LEVEL_3,1
100-0225,1000,SUB_PCBA,-,ROAD,10,0.1,2,DAYS,-,-,-,-,HIER_LEVEL_1,HIER_LEVEL_2,HIER_LEVEL_3,1
100-0225,2000,SUB_PCBA,-,ROAD,20,0.1,2,DAYS,-,-,-,-,HIER_LEVEL_1,HIER_LEVEL_2,HIER_LEVEL_3,1
110-0174,2000,SUB_PCBA,-,ROAD,20,0.1,2,DAYS,-,-,-,-,HIER_LEVEL_1,HIER_LEVEL_2,HIER_LEVEL_3,1
110-0174,1000,SUB_PCBA,-,ROAD,10,0.1,2,DAYS,-,-,-,-,HIER_LEVEL_1,HIER_LEVEL_2,HIER_LEVEL_3,1
110-0243,2000,SUB_PCBA,-,ROAD,20,0.1,2,DAYS,-,-,-,-,HIER_LEVEL_1,HIER_LEVEL_2,HIER_LEVEL_3,1
140-0240,2000,SUB_PCBA,-,ROAD,20,0.1,2,DAYS,-,-,-,-,HIER_LEVEL_1,HIER_LEVEL_2,HIER_LEVEL_3,1
140-0313,1000,SUB_PCBA,-,ROAD,10,0.1,2,DAYS,-,-,-,-,HIER_LEVEL_1,HIER_LEVEL_2,HIER_LEVEL_3,1
140-0313,2000,SUB_PCBA,-,ROAD,20,0.1,2,DAYS,-,-,-,-,HIER_LEVEL_1,HIER_LEVEL_2,HIER_LEVEL_3,1
140-0599,1000,SUB_PCBA,-,ROAD,10,0.1,2,DAYS,-,-,-,-,HIER_LEVEL_1,HIER_LEVEL_2,HIER_LEVEL_3,1
140-0599,2000,SUB_PCBA,-,ROAD,20,0.1,2,DAYS,-,-,-,-,HIER_LEVEL_1,HIER_LEVEL_2,HIER_LEVEL_3,1
280-0293-33,1000,SUB_PCBA,-,ROAD,10,0.1,2,DAYS,-,-,-,-,HIER_LEVEL_1,HIER_LEVEL_2,HIER_LEVEL_3,1
280-0293-33,2000,SUB_PCBA,-,ROAD,20,0.1,2,DAYS,-,-,-,-,HIER_LEVEL_1,HIER_LEVEL_2,HIER_LEVEL_3,1
280-0431,1000,SUB_PCBA,-,ROAD,10,0.1,2,DAYS,-,-,-,-,HIER_LEVEL_1,HIER_LEVEL_2,HIER_LEVEL_3,1
280-0431,2000,SUB_PCBA,-,ROAD,20,0.1,2,DAYS,-,-,-,-,HIER_LEVEL_1,HIER_LEVEL_2,HIER_LEVEL_3,1
280-0981-N3,2000,SUB_PCBA,-,ROAD,20,0.1,2,DAYS,-,-,-,-,HIER_LEVEL_1,HIER_LEVEL_2,HIER_LEVEL_3,1
280-0981-N3,1000,SUB_PCBA,-,ROAD,10,0.1,2,DAYS,-,-,-,-,HIER_LEVEL_1,HIER_LEVEL_2,HIER_LEVEL_3,1
288-0005,1000,SUB_PCBA,-,ROAD,10,0.1,2,DAYS,-,-,-,-,HIER_LEVEL_1,HIER_LEVEL_2,HIER_LEVEL_3,1
288-0005,2000,SUB_PCBA,-,ROAD,20,0.1,2,DAYS,-,-,-,-,HIER_LEVEL_1,HIER_LEVEL_2,HIER_LEVEL_3,1
320-0611,1000,SUB_PCBA,-,ROAD,10,0.1,2,DAYS,-,-,-,-,HIER_LEVEL_1,HIER_LEVEL_2,HIER_LEVEL_3,1
320-0611,2000,SUB_PCBA,-,ROAD,20,0.1,2,DAYS,-,-,-,-,HIER_LEVEL_1,HIER_LEVEL_2,HIER_LEVEL_3,1
110-0252,1000,SUB_PCBA,-,ROAD,10,0.1,2,DAYS,-,-,-,-,HIER_LEVEL_1,HIER_LEVEL_2,HIER_LEVEL_3,1
110-0260,1000,SUB_PCBA,-,ROAD,10,0.1,2,DAYS,-,-,-,-,HIER_LEVEL_1,HIER_LEVEL_2,HIER_LEVEL_3,1
110-0260,2000,SUB_PCBA,-,ROAD,20,0.1,2,DAYS,-,-,-,-,HIER_LEVEL_1,HIER_LEVEL_2,HIER_LEVEL_3,1
110-0270,1000,SUB_PCBA,-,ROAD,10,0.1,2,DAYS,-,-,-,-,HIER_LEVEL_1,HIER_LEVEL_2,HIER_LEVEL_3,1
110-0270,2000,SUB_PCBA,-,ROAD,20,0.1,2,DAYS,-,-,-,-,HIER_LEVEL_1,HIER_LEVEL_2,HIER_LEVEL_3,1
110-0295,1000,SUB_PCBA,-,ROAD,10,0.1,2,DAYS,-,-,-,-,HIER_LEVEL_1,HIER_LEVEL_2,HIER_LEVEL_3,1
110-0295,2000,SUB_PCBA,-,ROAD,20,0.1,2,DAYS,-,-,-,-,HIER_LEVEL_1,HIER_LEVEL_2,HIER_LEVEL_3,1
110-0296,1000,SUB_PCBA,-,ROAD,10,0.1,2,DAYS,-,-,-,-,HIER_LEVEL_1,HIER_LEVEL_2,HIER_LEVEL_3,1
110-0064,2000,SUB_PCBA,-,ROAD,20,0.1,2,DAYS,-,-,-,-,HIER_LEVEL_1,HIER_LEVEL_2,HIER_LEVEL_3,1
110-0064,1000,SUB_PCBA,-,ROAD,10,0.1,2,DAYS,-,-,-,-,HIER_LEVEL_1,HIER_LEVEL_2,HIER_LEVEL_3,1
110-0064,5000,SUB_PCBA,-,ROAD,30,0.1,2,DAYS,-,-,-,-,HIER_LEVEL_1,HIER_LEVEL_2,HIER_LEVEL_3,1
110-0214,1000,SUB_PCBA,-,ROAD,10,0.1,2,DAYS,-,-,-,-,HIER_LEVEL_1,HIER_LEVEL_2,HIER_LEVEL_3,1
110-0011,2000,SUB_PCBA,-,ROAD,20,0.1,2,DAYS,-,-,-,-,HIER_LEVEL_1,HIER_LEVEL_2,HIER_LEVEL_3,1
110-0099,1000,SUB_PCBA,-,ROAD,10,0.1,2,DAYS,-,-,-,-,HIER_LEVEL_1,HIER_LEVEL_2,HIER_LEVEL_3,1
110-0099,5000,SUB_PCBA,-,ROAD,30,0.1,2,DAYS,-,-,-,-,HIER_LEVEL_1,HIER_LEVEL_2,HIER_LEVEL_3,1
110-0099,2000,SUB_PCBA,-,ROAD,20,0.1,2,DAYS,-,-,-,-,HIER_LEVEL_1,HIER_LEVEL_2,HIER_LEVEL_3,1
110-0121,5000,SUB_PCBA,-,ROAD,30,0.1,2,DAYS,-,-,-,-,HIER_LEVEL_1,HIER_LEVEL_2,HIER_LEVEL_3,1
110-0121,1000,SUB_PCBA,-,ROAD,10,0.1,2,DAYS,-,-,-,-,HIER_LEVEL_1,HIER_LEVEL_2,HIER_LEVEL_3,1
110-0121,2000,SUB_PCBA,-,ROAD,20,0.1,2,DAYS,-,-,-,-,HIER_LEVEL_1,HIER_LEVEL_2,HIER_LEVEL_3,1
110-0156,1000,SUB_PCBA,-,ROAD,10,0.1,2,DAYS,-,-,-,-,HIER_LEVEL_1,HIER_LEVEL_2,HIER_LEVEL_3,1
110-0156,2000,SUB_PCBA,-,ROAD,20,0.1,2,DAYS,-,-,-,-,HIER_LEVEL_1,HIER_LEVEL_2,HIER_LEVEL_3,1
110-0298,1000,SUB_PCBA,-,ROAD,10,0.1,2,DAYS,-,-,-,-,HIER_LEVEL_1,HIER_LEVEL_2,HIER_LEVEL_3,1
110-0298,5000,SUB_PCBA,-,ROAD,30,0.1,2,DAYS,-,-,-,-,HIER_LEVEL_1,HIER_LEVEL_2,HIER_LEVEL_3,1
100-0086,2000,SUB_PCBA,-,ROAD,20,0.1,2,DAYS,-,-,-,-,HIER_LEVEL_1,HIER_LEVEL_2,HIER_LEVEL_3,1
100-0115,1000,SUB_PCBA,-,ROAD,10,0.1,2,DAYS,-,-,-,-,HIER_LEVEL_1,HIER_LEVEL_2,HIER_LEVEL_3,1
100-0115,2000,SUB_PCBA,-,ROAD,20,0.1,2,DAYS,-,-,-,-,HIER_LEVEL_1,HIER_LEVEL_2,HIER_LEVEL_3,1
100-0227,1000,SUB_PCBA,-,ROAD,10,0.1,2,DAYS,-,-,-,-,HIER_LEVEL_1,HIER_LEVEL_2,HIER_LEVEL_3,1
100-0227,2000,SUB_PCBA,-,ROAD,20,0.1,2,DAYS,-,-,-,-,HIER_LEVEL_1,HIER_LEVEL_2,HIER_LEVEL_3,1
110-0158,5000,SUB_PCBA,-,ROAD,30,0.1,2,DAYS,-,-,-,-,HIER_LEVEL_1,HIER_LEVEL_2,HIER_LEVEL_3,1
110-0158,1000,SUB_PCBA,-,ROAD,10,0.1,2,DAYS,-,-,-,-,HIER_LEVEL_1,HIER_LEVEL_2,HIER_LEVEL_3,1
110-0214,2000,SUB_PCBA,-,ROAD,20,0.1,2,DAYS,-,-,-,-,HIER_LEVEL_1,HIER_LEVEL_2,HIER_LEVEL_3,1
110-0272,1000,SUB_PCBA,-,ROAD,10,0.1,2,DAYS,-,-,-,-,HIER_LEVEL_1,HIER_LEVEL_2,HIER_LEVEL_3,1
110-0272,2000,SUB_PCBA,-,ROAD,20,0.1,2,DAYS,-,-,-,-,HIER_LEVEL_1,HIER_LEVEL_2,HIER_LEVEL_3,1
110-0370,1000,SUB_PCBA,-,ROAD,10,0.1,2,DAYS,-,-,-,-,HIER_LEVEL_1,HIER_LEVEL_2,HIER_LEVEL_3,1
110-0379,1000,SUB_PCBA,-,ROAD,10,0.1,2,DAYS,-,-,-,-,HIER_LEVEL_1,HIER_LEVEL_2,HIER_LEVEL_3,1
110-0379,2000,SUB_PCBA,-,ROAD,20,0.1,2,DAYS,-,-,-,-,HIER_LEVEL_1,HIER_LEVEL_2,HIER_LEVEL_3,1
110-0379,5000,SUB_PCBA,-,ROAD,30,0.1,2,DAYS,-,-,-,-,HIER_LEVEL_1,HIER_LEVEL_2,HIER_LEVEL_3,1
110-0627,1000,SUB_PCBA,-,ROAD,10,0.1,2,DAYS,-,-,-,-,HIER_LEVEL_1,HIER_LEVEL_2,HIER_LEVEL_3,1
110-0627,2000,SUB_PCBA,-,ROAD,20,0.1,2,DAYS,-,-,-,-,HIER_LEVEL_1,HIER_LEVEL_2,HIER_LEVEL_3,1
120-0121,1000,SUB_PCBA,-,ROAD,10,0.1,2,DAYS,-,-,-,-,HIER_LEVEL_1,HIER_LEVEL_2,HIER_LEVEL_3,1
120-0121,5000,SUB_PCBA,-,ROAD,30,0.1,2,DAYS,-,-,-,-,HIER_LEVEL_1,HIER_LEVEL_2,HIER_LEVEL_3,1
110-0296,2000,SUB_PCBA,-,ROAD,20,0.1,2,DAYS,-,-,-,-,HIER_LEVEL_1,HIER_LEVEL_2,HIER_LEVEL_3,1
110-0308,2000,SUB_PCBA,-,ROAD,20,0.1,2,DAYS,-,-,-,-,HIER_LEVEL_1,HIER_LEVEL_2,HIER_LEVEL_3,1
110-0308,1000,SUB_PCBA,-,ROAD,10,0.1,2,DAYS,-,-,-,-,HIER_LEVEL_1,HIER_LEVEL_2,HIER_LEVEL_3,1
110-0376,1000,SUB_PCBA,-,ROAD,10,0.1,2,DAYS,-,-,-,-,HIER_LEVEL_1,HIER_LEVEL_2,HIER_LEVEL_3,1
110-0376,2000,SUB_PCBA,-,ROAD,20,0.1,2,DAYS,-,-,-,-,HIER_LEVEL_1,HIER_LEVEL_2,HIER_LEVEL_3,1
110-0380,1000,SUB_PCBA,-,ROAD,10,0.1,2,DAYS,-,-,-,-,HIER_LEVEL_1,HIER_LEVEL_2,HIER_LEVEL_3,1
110-0380,2000,SUB_PCBA,-,ROAD,20,0.1,2,DAYS,-,-,-,-,HIER_LEVEL_1,HIER_LEVEL_2,HIER_LEVEL_3,1
110-0570,1000,SUB_PCBA,-,ROAD,10,0.1,2,DAYS,-,-,-,-,HIER_LEVEL_1,HIER_LEVEL_2,HIER_LEVEL_3,1
110-0298,2000,SUB_PCBA,-,ROAD,20,0.1,2,DAYS,-,-,-,-,HIER_LEVEL_1,HIER_LEVEL_2,HIER_LEVEL_3,1
110-0311,1000,SUB_PCBA,-,ROAD,10,0.1,2,DAYS,-,-,-,-,HIER_LEVEL_1,HIER_LEVEL_2,HIER_LEVEL_3,1
110-0311,5000,SUB_PCBA,-,ROAD,30,0.1,2,DAYS,-,-,-,-,HIER_LEVEL_1,HIER_LEVEL_2,HIER_LEVEL_3,1
110-0311,2000,SUB_PCBA,-,ROAD,20,0.1,2,DAYS,-,-,-,-,HIER_LEVEL_1,HIER_LEVEL_2,HIER_LEVEL_3,1
110-0369,1000,SUB_PCBA,-,ROAD,10,0.1,2,DAYS,-,-,-,-,HIER_LEVEL_1,HIER_LEVEL_2,HIER_LEVEL_3,1
110-0369,5000,SUB_PCBA,-,ROAD,30,0.1,2,DAYS,-,-,-,-,HIER_LEVEL_1,HIER_LEVEL_2,HIER_LEVEL_3,1
110-0369,2000,SUB_PCBA,-,ROAD,20,0.1,2,DAYS,-,-,-,-,HIER_LEVEL_1,HIER_LEVEL_2,HIER_LEVEL_3,1
110-0378,1000,SUB_PCBA,-,ROAD,10,0.1,2,DAYS,-,-,-,-,HIER_LEVEL_1,HIER_LEVEL_2,HIER_LEVEL_3,1
110-0378,2000,SUB_PCBA,-,ROAD,20,0.1,2,DAYS,-,-,-,-,HIER_LEVEL_1,HIER_LEVEL_2,HIER_LEVEL_3,1
110-0713,1000,SUB_PCBA,-,ROAD,10,0.1,2,DAYS,-,-,-,-,HIER_LEVEL_1,HIER_LEVEL_2,HIER_LEVEL_3,1
110-0730,1000,SUB_PCBA,-,ROAD,10,0.1,2,DAYS,-,-,-,-,HIER_LEVEL_1,HIER_LEVEL_2,HIER_LEVEL_3,1
110-0730,2000,SUB_PCBA,-,ROAD,20,0.1,2,DAYS,-,-,-,-,HIER_LEVEL_1,HIER_LEVEL_2,HIER_LEVEL_3,1
110-0158,2000,SUB_PCBA,-,ROAD,20,0.1,2,DAYS,-,-,-,-,HIER_LEVEL_1,HIER_LEVEL_2,HIER_LEVEL_3,1
110-0241,5000,SUB_PCBA,-,ROAD,30,0.1,2,DAYS,-,-,-,-,HIER_LEVEL_1,HIER_LEVEL_2,HIER_LEVEL_3,1
110-0241,1000,SUB_PCBA,-,ROAD,10,0.1,2,DAYS,-,-,-,-,HIER_LEVEL_1,HIER_LEVEL_2,HIER_LEVEL_3,1
110-0243,1000,SUB_PCBA,-,ROAD,10,0.1,2,DAYS,-,-,-,-,HIER_LEVEL_1,HIER_LEVEL_2,HIER_LEVEL_3,1
110-0248,1000,SUB_PCBA,-,ROAD,10,0.1,2,DAYS,-,-,-,-,HIER_LEVEL_1,HIER_LEVEL_2,HIER_LEVEL_3,1
110-0248,2000,SUB_PCBA,-,ROAD,20,0.1,2,DAYS,-,-,-,-,HIER_LEVEL_1,HIER_LEVEL_2,HIER_LEVEL_3,1
110-0261,1000,SUB_PCBA,-,ROAD,10,0.1,2,DAYS,-,-,-,-,HIER_LEVEL_1,HIER_LEVEL_2,HIER_LEVEL_3,1
110-0261,2000,SUB_PCBA,-,ROAD,20,0.1,2,DAYS,-,-,-,-,HIER_LEVEL_1,HIER_LEVEL_2,HIER_LEVEL_3,1
110-0268,1000,SUB_PCBA,-,ROAD,10,0.1,2,DAYS,-,-,-,-,HIER_LEVEL_1,HIER_LEVEL_2,HIER_LEVEL_3,1
110-0268,2000,SUB_PCBA,-,ROAD,20,0.1,2,DAYS,-,-,-,-,HIER_LEVEL_1,HIER_LEVEL_2,HIER_LEVEL_3,1
110-0273,1000,SUB_PCBA,-,ROAD,10,0.1,2,DAYS,-,-,-,-,HIER_LEVEL_1,HIER_LEVEL_2,HIER_LEVEL_3,1
110-0570,2000,SUB_PCBA,-,ROAD,20,0.1,2,DAYS,-,-,-,-,HIER_LEVEL_1,HIER_LEVEL_2,HIER_LEVEL_3,1
110-0603,1000,SUB_PCBA,-,ROAD,10,0.1,2,DAYS,-,-,-,-,HIER_LEVEL_1,HIER_LEVEL_2,HIER_LEVEL_3,1
110-0603,2000,SUB_PCBA,-,ROAD,20,0.1,2,DAYS,-,-,-,-,HIER_LEVEL_1,HIER_LEVEL_2,HIER_LEVEL_3,1
120-0099,2000,SUB_PCBA,-,ROAD,20,0.1,2,DAYS,-,-,-,-,HIER_LEVEL_1,HIER_LEVEL_2,HIER_LEVEL_3,1
110-0213,1000,SUB_PCBA,-,ROAD,10,0.1,2,DAYS,-,-,-,-,HIER_LEVEL_1,HIER_LEVEL_2,HIER_LEVEL_3,1
110-0213,2000,SUB_PCBA,-,ROAD,20,0.1,2,DAYS,-,-,-,-,HIER_LEVEL_1,HIER_LEVEL_2,HIER_LEVEL_3,1
110-0249,1000,SUB_PCBA,-,ROAD,10,0.1,2,DAYS,-,-,-,-,HIER_LEVEL_1,HIER_LEVEL_2,HIER_LEVEL_3,1
110-0249,2000,SUB_PCBA,-,ROAD,20,0.1,2,DAYS,-,-,-,-,HIER_LEVEL_1,HIER_LEVEL_2,HIER_LEVEL_3,1
110-0267,1000,SUB_PCBA,-,ROAD,10,0.1,2,DAYS,-,-,-,-,HIER_LEVEL_1,HIER_LEVEL_2,HIER_LEVEL_3,1
110-0267,2000,SUB_PCBA,-,ROAD,20,0.1,2,DAYS,-,-,-,-,HIER_LEVEL_1,HIER_LEVEL_2,HIER_LEVEL_3,1
110-0377,1000,SUB_PCBA,-,ROAD,10,0.1,2,DAYS,-,-,-,-,HIER_LEVEL_1,HIER_LEVEL_2,HIER_LEVEL_3,1
120-0121,2000,SUB_PCBA,-,ROAD,20,0.1,2,DAYS,-,-,-,-,HIER_LEVEL_1,HIER_LEVEL_2,HIER_LEVEL_3,1
121-0053,1000,SUB_PCBA,-,ROAD,10,0.1,2,DAYS,-,-,-,-,HIER_LEVEL_1,HIER_LEVEL_2,HIER_LEVEL_3,1
140-0221,2000,SUB_PCBA,-,ROAD,20,0.1,2,DAYS,-,-,-,-,HIER_LEVEL_1,HIER_LEVEL_2,HIER_LEVEL_3,1
110-0241,2000,SUB_PCBA,-,ROAD,20,0.1,2,DAYS,-,-,-,-,HIER_LEVEL_1,HIER_LEVEL_2,HIER_LEVEL_3,1
110-0373,1000,SUB_PCBA,-,ROAD,10,0.1,2,DAYS,-,-,-,-,HIER_LEVEL_1,HIER_LEVEL_2,HIER_LEVEL_3,1
110-0602,1000,SUB_PCBA,-,ROAD,10,0.1,2,DAYS,-,-,-,-,HIER_LEVEL_1,HIER_LEVEL_2,HIER_LEVEL_3,1
120-0051,2000,SUB_PCBA,-,ROAD,20,0.1,2,DAYS,-,-,-,-,HIER_LEVEL_1,HIER_LEVEL_2,HIER_LEVEL_3,1
120-0099,1000,SUB_PCBA,-,ROAD,10,0.1,2,DAYS,-,-,-,-,HIER_LEVEL_1,HIER_LEVEL_2,HIER_LEVEL_3,1
120-0128,1000,SUB_PCBA,-,ROAD,10,0.1,2,DAYS,-,-,-,-,HIER_LEVEL_1,HIER_LEVEL_2,HIER_LEVEL_3,1
120-0128,2000,SUB_PCBA,-,ROAD,20,0.1,2,DAYS,-,-,-,-,HIER_LEVEL_1,HIER_LEVEL_2,HIER_LEVEL_3,1
120-0157,1000,SUB_PCBA,-,ROAD,10,0.1,2,DAYS,-,-,-,-,HIER_LEVEL_1,HIER_LEVEL_2,HIER_LEVEL_3,1
120-0157,2000,SUB_PCBA,-,ROAD,20,0.1,2,DAYS,-,-,-,-,HIER_LEVEL_1,HIER_LEVEL_2,HIER_LEVEL_3,1
120-0247,1000,SUB_PCBA,-,ROAD,10,0.1,2,DAYS,-,-,-,-,HIER_LEVEL_1,HIER_LEVEL_2,HIER_LEVEL_3,1
120-0253,1000,SUB_PCBA,-,ROAD,10,0.1,2,DAYS,-,-,-,-,HIER_LEVEL_1,HIER_LEVEL_2,HIER_LEVEL_3,1
140-0253,2000,SUB_PCBA,-,ROAD,20,0.1,2,DAYS,-,-,-,-,HIER_LEVEL_1,HIER_LEVEL_2,HIER_LEVEL_3,1
110-0273,2000,SUB_PCBA,-,ROAD,20,0.1,2,DAYS,-,-,-,-,HIER_LEVEL_1,HIER_LEVEL_2,HIER_LEVEL_3,1
110-0381,2000,SUB_PCBA,-,ROAD,20,0.1,2,DAYS,-,-,-,-,HIER_LEVEL_1,HIER_LEVEL_2,HIER_LEVEL_3,1
110-0381,1000,SUB_PCBA,-,ROAD,10,0.1,2,DAYS,-,-,-,-,HIER_LEVEL_1,HIER_LEVEL_2,HIER_LEVEL_3,1
110-0571,1000,SUB_PCBA,-,ROAD,10,0.1,2,DAYS,-,-,-,-,HIER_LEVEL_1,HIER_LEVEL_2,HIER_LEVEL_3,1
120-0046,1000,SUB_PCBA,-,ROAD,10,0.1,2,DAYS,-,-,-,-,HIER_LEVEL_1,HIER_LEVEL_2,HIER_LEVEL_3,1
110-0377,2000,SUB_PCBA,-,ROAD,20,0.1,2,DAYS,-,-,-,-,HIER_LEVEL_1,HIER_LEVEL_2,HIER_LEVEL_3,1
110-0460,1000,SUB_PCBA,-,ROAD,10,0.1,2,DAYS,-,-,-,-,HIER_LEVEL_1,HIER_LEVEL_2,HIER_LEVEL_3,1
110-0460,2000,SUB_PCBA,-,ROAD,20,0.1,2,DAYS,-,-,-,-,HIER_LEVEL_1,HIER_LEVEL_2,HIER_LEVEL_3,1
110-0566,1000,SUB_PCBA,-,ROAD,10,0.1,2,DAYS,-,-,-,-,HIER_LEVEL_1,HIER_LEVEL_2,HIER_LEVEL_3,1
110-0566,2000,SUB_PCBA,-,ROAD,20,0.1,2,DAYS,-,-,-,-,HIER_LEVEL_1,HIER_LEVEL_2,HIER_LEVEL_3,1
120-0202,1000,SUB_PCBA,-,ROAD,10,0.1,2,DAYS,-,-,-,-,HIER_LEVEL_1,HIER_LEVEL_2,HIER_LEVEL_3,1
120-0202,2000,SUB_PCBA,-,ROAD,20,0.1,2,DAYS,-,-,-,-,HIER_LEVEL_1,HIER_LEVEL_2,HIER_LEVEL_3,1
120-0215,1000,SUB_PCBA,-,ROAD,10,0.1,2,DAYS,-,-,-,-,HIER_LEVEL_1,HIER_LEVEL_2,HIER_LEVEL_3,1
140-0639,1000,SUB_PCBA,-,ROAD,10,0.1,2,DAYS,-,-,-,-,HIER_LEVEL_1,HIER_LEVEL_2,HIER_LEVEL_3,1
140-0834,1000,SUB_PCBA,-,ROAD,10,0.1,2,DAYS,-,-,-,-,HIER_LEVEL_1,HIER_LEVEL_2,HIER_LEVEL_3,1
140-0834,5000,SUB_PCBA,-,ROAD,30,0.1,2,DAYS,-,-,-,-,HIER_LEVEL_1,HIER_LEVEL_2,HIER_LEVEL_3,1
140-0834,2000,SUB_PCBA,-,ROAD,20,0.1,2,DAYS,-,-,-,-,HIER_LEVEL_1,HIER_LEVEL_2,HIER_LEVEL_3,1
140-0852,1000,SUB_PCBA,-,ROAD,10,0.1,2,DAYS,-,-,-,-,HIER_LEVEL_1,HIER_LEVEL_2,HIER_LEVEL_3,1
140-0853,1000,SUB_PCBA,-,ROAD,10,0.1,2,DAYS,-,-,-,-,HIER_LEVEL_1,HIER_LEVEL_2,HIER_LEVEL_3,1
140-1028,1000,SUB_PCBA,-,ROAD,10,0.1,2,DAYS,-,-,-,-,HIER_LEVEL_1,HIER_LEVEL_2,HIER_LEVEL_3,1
280-0650,1000,SUB_PCBA,-,ROAD,10,0.1,2,DAYS,-,-,-,-,HIER_LEVEL_1,HIER_LEVEL_2,HIER_LEVEL_3,1
280-0650,2000,SUB_PCBA,-,ROAD,20,0.1,2,DAYS,-,-,-,-,HIER_LEVEL_1,HIER_LEVEL_2,HIER_LEVEL_3,1
280-0739-CN,2000,1000,-,ROAD,10,0.1,0,DAYS,-,-,-,-,HIER_LEVEL_1,HIER_LEVEL_2,HIER_LEVEL_3,1
283-0146-N3,2000,1000,-,ROAD,10,0.1,0,DAYS,-,-,-,-,HIER_LEVEL_1,HIER_LEVEL_2,HIER_LEVEL_3,1
288-0001,2000,SUB_PCBA,-,ROAD,20,0.1,2,DAYS,-,-,-,-,HIER_LEVEL_1,HIER_LEVEL_2,HIER_LEVEL_3,1
120-0051,1000,SUB_PCBA,-,ROAD,10,0.1,2,DAYS,-,-,-,-,HIER_LEVEL_1,HIER_LEVEL_2,HIER_LEVEL_3,1
120-0138,1000,SUB_PCBA,-,ROAD,10,0.1,2,DAYS,-,-,-,-,HIER_LEVEL_1,HIER_LEVEL_2,HIER_LEVEL_3,1
120-0138,2000,SUB_PCBA,-,ROAD,20,0.1,2,DAYS,-,-,-,-,HIER_LEVEL_1,HIER_LEVEL_2,HIER_LEVEL_3,1
120-0143,1000,SUB_PCBA,-,ROAD,10,0.1,2,DAYS,-,-,-,-,HIER_LEVEL_1,HIER_LEVEL_2,HIER_LEVEL_3,1
120-0143,5000,SUB_PCBA,-,ROAD,30,0.1,2,DAYS,-,-,-,-,HIER_LEVEL_1,HIER_LEVEL_2,HIER_LEVEL_3,1
140-0253,1000,SUB_PCBA,-,ROAD,10,0.1,2,DAYS,-,-,-,-,HIER_LEVEL_1,HIER_LEVEL_2,HIER_LEVEL_3,1
140-0341,2000,SUB_PCBA,-,ROAD,20,0.1,2,DAYS,-,-,-,-,HIER_LEVEL_1,HIER_LEVEL_2,HIER_LEVEL_3,1
120-0046,2000,SUB_PCBA,-,ROAD,20,0.1,2,DAYS,-,-,-,-,HIER_LEVEL_1,HIER_LEVEL_2,HIER_LEVEL_3,1
120-0047,1000,SUB_PCBA,-,ROAD,10,0.1,2,DAYS,-,-,-,-,HIER_LEVEL_1,HIER_LEVEL_2,HIER_LEVEL_3,1
120-0047,2000,SUB_PCBA,-,ROAD,20,0.1,2,DAYS,-,-,-,-,HIER_LEVEL_1,HIER_LEVEL_2,HIER_LEVEL_3,1
120-0152,2000,SUB_PCBA,-,ROAD,20,0.1,2,DAYS,-,-,-,-,HIER_LEVEL_1,HIER_LEVEL_2,HIER_LEVEL_3,1
120-0152,1000,SUB_PCBA,-,ROAD,10,0.1,2,DAYS,-,-,-,-,HIER_LEVEL_1,HIER_LEVEL_2,HIER_LEVEL_3,1
120-0232,1000,SUB_PCBA,-,ROAD,10,0.1,2,DAYS,-,-,-,-,HIER_LEVEL_1,HIER_LEVEL_2,HIER_LEVEL_3,1
120-0232,2000,SUB_PCBA,-,ROAD,20,0.1,2,DAYS,-,-,-,-,HIER_LEVEL_1,HIER_LEVEL_2,HIER_LEVEL_3,1
120-0260,1000,SUB_PCBA,-,ROAD,10,0.1,2,DAYS,-,-,-,-,HIER_LEVEL_1,HIER_LEVEL_2,HIER_LEVEL_3,1
140-0179,2000,SUB_PCBA,-,ROAD,20,0.1,2,DAYS,-,-,-,-,HIER_LEVEL_1,HIER_LEVEL_2,HIER_LEVEL_3,1
140-0221,1000,SUB_PCBA,-,ROAD,10,0.1,2,DAYS,-,-,-,-,HIER_LEVEL_1,HIER_LEVEL_2,HIER_LEVEL_3,1
140-0471,1000,2000,-,ROAD,10,0.1,0,DAYS,-,-,-,-,HIER_LEVEL_1,HIER_LEVEL_2,HIER_LEVEL_3,1
140-0481,1000,SUB_PCBA,-,ROAD,10,0.1,2,DAYS,-,-,-,-,HIER_LEVEL_1,HIER_LEVEL_2,HIER_LEVEL_3,1
140-0481,2000,SUB_PCBA,-,ROAD,20,0.1,2,DAYS,-,-,-,-,HIER_LEVEL_1,HIER_LEVEL_2,HIER_LEVEL_3,1
220-0230-003,1000,2000,-,ROAD,10,0.1,0,DAYS,-,-,-,-,HIER_LEVEL_1,HIER_LEVEL_2,HIER_LEVEL_3,1
280-0293-27,2000,SUB_PCBA,-,ROAD,20,0.1,2,DAYS,-,-,-,-,HIER_LEVEL_1,HIER_LEVEL_2,HIER_LEVEL_3,1
280-0293-27,1000,SUB_PCBA,-,ROAD,10,0.1,2,DAYS,-,-,-,-,HIER_LEVEL_1,HIER_LEVEL_2,HIER_LEVEL_3,1
280-0293-29,1000,SUB_PCBA,-,ROAD,10,0.1,2,DAYS,-,-,-,-,HIER_LEVEL_1,HIER_LEVEL_2,HIER_LEVEL_3,1
280-0293-29,2000,SUB_PCBA,-,ROAD,20,0.1,2,DAYS,-,-,-,-,HIER_LEVEL_1,HIER_LEVEL_2,HIER_LEVEL_3,1
280-0750-27,1000,2000,-,ROAD,10,0.1,0,DAYS,-,-,-,-,HIER_LEVEL_1,HIER_LEVEL_2,HIER_LEVEL_3,1
280-0981-N1,2000,SUB_PCBA,-,ROAD,20,0.1,2,DAYS,-,-,-,-,HIER_LEVEL_1,HIER_LEVEL_2,HIER_LEVEL_3,1
280-0981-N1,1000,SUB_PCBA,-,ROAD,10,0.1,2,DAYS,-,-,-,-,HIER_LEVEL_1,HIER_LEVEL_2,HIER_LEVEL_3,1
120-0215,2000,SUB_PCBA,-,ROAD,20,0.1,2,DAYS,-,-,-,-,HIER_LEVEL_1,HIER_LEVEL_2,HIER_LEVEL_3,1
120-0224,1000,SUB_PCBA,-,ROAD,10,0.1,2,DAYS,-,-,-,-,HIER_LEVEL_1,HIER_LEVEL_2,HIER_LEVEL_3,1
120-0224,2000,SUB_PCBA,-,ROAD,20,0.1,2,DAYS,-,-,-,-,HIER_LEVEL_1,HIER_LEVEL_2,HIER_LEVEL_3,1
120-0248,1000,SUB_PCBA,-,ROAD,10,0.1,2,DAYS,-,-,-,-,HIER_LEVEL_1,HIER_LEVEL_2,HIER_LEVEL_3,1
120-0248,2000,SUB_PCBA,-,ROAD,20,0.1,2,DAYS,-,-,-,-,HIER_LEVEL_1,HIER_LEVEL_2,HIER_LEVEL_3,1
120-0310,1000,SUB_PCBA,-,ROAD,10,0.1,2,DAYS,-,-,-,-,HIER_LEVEL_1,HIER_LEVEL_2,HIER_LEVEL_3,1
140-0113,2000,SUB_PCBA,-,ROAD,20,0.1,2,DAYS,-,-,-,-,HIER_LEVEL_1,HIER_LEVEL_2,HIER_LEVEL_3,1
140-0341,1000,SUB_PCBA,-,ROAD,10,0.1,2,DAYS,-,-,-,-,HIER_LEVEL_1,HIER_LEVEL_2,HIER_LEVEL_3,1
140-0341-RW,1000,SUB_PCBA,-,ROAD,10,0.1,2,DAYS,-,-,-,-,HIER_LEVEL_1,HIER_LEVEL_2,HIER_LEVEL_3,1
140-0384,1000,SUB_PCBA,-,ROAD,10,0.1,2,DAYS,-,-,-,-,HIER_LEVEL_1,HIER_LEVEL_2,HIER_LEVEL_3,1
140-0384,2000,SUB_PCBA,-,ROAD,20,0.1,2,DAYS,-,-,-,-,HIER_LEVEL_1,HIER_LEVEL_2,HIER_LEVEL_3,1
160-1168,1000,SUB_PCBA,-,ROAD,10,0.1,2,DAYS,-,-,-,-,HIER_LEVEL_1,HIER_LEVEL_2,HIER_LEVEL_3,1
160-1168,2000,SUB_PCBA,-,ROAD,20,0.1,2,DAYS,-,-,-,-,HIER_LEVEL_1,HIER_LEVEL_2,HIER_LEVEL_3,1
160-1287,1000,SUB_PCBA,-,ROAD,10,0.1,2,DAYS,-,-,-,-,HIER_LEVEL_1,HIER_LEVEL_2,HIER_LEVEL_3,1
140-0179,1000,SUB_PCBA,-,ROAD,10,0.1,2,DAYS,-,-,-,-,HIER_LEVEL_1,HIER_LEVEL_2,HIER_LEVEL_3,1
140-0392,2000,SUB_PCBA,-,ROAD,20,0.1,2,DAYS,-,-,-,-,HIER_LEVEL_1,HIER_LEVEL_2,HIER_LEVEL_3,1
140-0113,1000,SUB_PCBA,-,ROAD,10,0.1,2,DAYS,-,-,-,-,HIER_LEVEL_1,HIER_LEVEL_2,HIER_LEVEL_3,1
140-0338,1000,SUB_PCBA,-,ROAD,10,0.1,2,DAYS,-,-,-,-,HIER_LEVEL_1,HIER_LEVEL_2,HIER_LEVEL_3,1
140-0338,2000,SUB_PCBA,-,ROAD,20,0.1,2,DAYS,-,-,-,-,HIER_LEVEL_1,HIER_LEVEL_2,HIER_LEVEL_3,1
140-0477,1000,SUB_PCBA,-,ROAD,10,0.1,2,DAYS,-,-,-,-,HIER_LEVEL_1,HIER_LEVEL_2,HIER_LEVEL_3,1
140-0477,2000,SUB_PCBA,-,ROAD,20,0.1,2,DAYS,-,-,-,-,HIER_LEVEL_1,HIER_LEVEL_2,HIER_LEVEL_3,1
160-1237,1000,SUB_PCBA,-,ROAD,10,0.1,2,DAYS,-,-,-,-,HIER_LEVEL_1,HIER_LEVEL_2,HIER_LEVEL_3,1
160-1237,2000,SUB_PCBA,-,ROAD,20,0.1,2,DAYS,-,-,-,-,HIER_LEVEL_1,HIER_LEVEL_2,HIER_LEVEL_3,1
288-0001,1000,SUB_PCBA,-,ROAD,10,0.1,2,DAYS,-,-,-,-,HIER_LEVEL_1,HIER_LEVEL_2,HIER_LEVEL_3,1
310-0394,1000,2000,-,ROAD,10,0.1,0,DAYS,-,-,-,-,HIER_LEVEL_1,HIER_LEVEL_2,HIER_LEVEL_3,1
300-0151-RW,2000,1000,-,ROAD,10,0.1,0,DAYS,-,-,-,-,HIER_LEVEL_1,HIER_LEVEL_2,HIER_LEVEL_3,1
301-0022,1000,SUB_PCBA,-,ROAD,10,0.1,2,DAYS,-,-,-,-,HIER_LEVEL_1,HIER_LEVEL_2,HIER_LEVEL_3,1
301-0022,2000,SUB_PCBA,-,ROAD,20,0.1,2,DAYS,-,-,-,-,HIER_LEVEL_1,HIER_LEVEL_2,HIER_LEVEL_3,1
130-0077,1000,SUB_PCBA,-,ROAD,10,0.1,2,DAYS,-,-,-,-,HIER_LEVEL_1,HIER_LEVEL_2,HIER_LEVEL_3,1
130-0077,5000,SUB_PCBA,-,ROAD,30,0.1,2,DAYS,-,-,-,-,HIER_LEVEL_1,HIER_LEVEL_2,HIER_LEVEL_3,1
140-0246,1000,SUB_PCBA,-,ROAD,10,0.1,2,DAYS,-,-,-,-,HIER_LEVEL_1,HIER_LEVEL_2,HIER_LEVEL_3,1
140-0246,2000,SUB_PCBA,-,ROAD,20,0.1,2,DAYS,-,-,-,-,HIER_LEVEL_1,HIER_LEVEL_2,HIER_LEVEL_3,1
140-0386,1000,SUB_PCBA,-,ROAD,10,0.1,2,DAYS,-,-,-,-,HIER_LEVEL_1,HIER_LEVEL_2,HIER_LEVEL_3,1
140-0386,5000,SUB_PCBA,-,ROAD,30,0.1,2,DAYS,-,-,-,-,HIER_LEVEL_1,HIER_LEVEL_2,HIER_LEVEL_3,1
160-1291,1000,SUB_PCBA,-,ROAD,10,0.1,2,DAYS,-,-,-,-,HIER_LEVEL_1,HIER_LEVEL_2,HIER_LEVEL_3,1
220-0230-007,1000,2000,-,ROAD,10,0.1,0,DAYS,-,-,-,-,HIER_LEVEL_1,HIER_LEVEL_2,HIER_LEVEL_3,1
280-0750-31,1000,2000,-,ROAD,10,0.1,0,DAYS,-,-,-,-,HIER_LEVEL_1,HIER_LEVEL_2,HIER_LEVEL_3,1
282-0041,1000,SUB_PCBA,-,ROAD,10,0.1,2,DAYS,-,-,-,-,HIER_LEVEL_1,HIER_LEVEL_2,HIER_LEVEL_3,1
282-0041,2000,SUB_PCBA,-,ROAD,20,0.1,2,DAYS,-,-,-,-,HIER_LEVEL_1,HIER_LEVEL_2,HIER_LEVEL_3,1
310-0284,1000,SUB_PCBA,-,ROAD,10,0.1,2,DAYS,-,-,-,-,HIER_LEVEL_1,HIER_LEVEL_2,HIER_LEVEL_3,1
310-0284,2000,SUB_PCBA,-,ROAD,20,0.1,2,DAYS,-,-,-,-,HIER_LEVEL_1,HIER_LEVEL_2,HIER_LEVEL_3,1
310-0284,5000,SUB_PCBA,-,ROAD,30,0.1,2,DAYS,-,-,-,-,HIER_LEVEL_1,HIER_LEVEL_2,HIER_LEVEL_3,1
313-0001,2000,SUB_PCBA,-,ROAD,20,0.1,2,DAYS,-,-,-,-,HIER_LEVEL_1,HIER_LEVEL_2,HIER_LEVEL_3,1
313-0001,1000,SUB_PCBA,-,ROAD,10,0.1,2,DAYS,-,-,-,-,HIER_LEVEL_1,HIER_LEVEL_2,HIER_LEVEL_3,1
313-0001,5000,SUB_PCBA,-,ROAD,30,0.1,2,DAYS,-,-,-,-,HIER_LEVEL_1,HIER_LEVEL_2,HIER_LEVEL_3,1
320-0443,1000,SUB_PCBA,-,ROAD,10,0.1,2,DAYS,-,-,-,-,HIER_LEVEL_1,HIER_LEVEL_2,HIER_LEVEL_3,1
320-0443,2000,SUB_PCBA,-,ROAD,20,0.1,2,DAYS,-,-,-,-,HIER_LEVEL_1,HIER_LEVEL_2,HIER_LEVEL_3,1
120-0143,2000,SUB_PCBA,-,ROAD,20,0.1,2,DAYS,-,-,-,-,HIER_LEVEL_1,HIER_LEVEL_2,HIER_LEVEL_3,1
120-0254,1000,SUB_PCBA,-,ROAD,10,0.1,2,DAYS,-,-,-,-,HIER_LEVEL_1,HIER_LEVEL_2,HIER_LEVEL_3,1
140-0022,1000,SUB_PCBA,-,ROAD,10,0.1,2,DAYS,-,-,-,-,HIER_LEVEL_1,HIER_LEVEL_2,HIER_LEVEL_3,1
140-0022,2000,SUB_PCBA,-,ROAD,20,0.1,2,DAYS,-,-,-,-,HIER_LEVEL_1,HIER_LEVEL_2,HIER_LEVEL_3,1
140-0638,1000,SUB_PCBA,-,ROAD,10,0.1,2,DAYS,-,-,-,-,HIER_LEVEL_1,HIER_LEVEL_2,HIER_LEVEL_3,1
140-0847,1000,SUB_PCBA,-,ROAD,10,0.1,2,DAYS,-,-,-,-,HIER_LEVEL_1,HIER_LEVEL_2,HIER_LEVEL_3,1
160-1153,2000,SUB_PCBA,-,ROAD,20,0.1,2,DAYS,-,-,-,-,HIER_LEVEL_1,HIER_LEVEL_2,HIER_LEVEL_3,1
220-0230-020,1000,2000,-,ROAD,10,0.1,0,DAYS,-,-,-,-,HIER_LEVEL_1,HIER_LEVEL_2,HIER_LEVEL_3,1
280-0654-CN,2000,1000,-,ROAD,10,0.1,0,DAYS,-,-,-,-,HIER_LEVEL_1,HIER_LEVEL_2,HIER_LEVEL_3,1
283-0146-N1,2000,1000,-,ROAD,10,0.1,0,DAYS,-,-,-,-,HIER_LEVEL_1,HIER_LEVEL_2,HIER_LEVEL_3,1
910-0866,1000,2000,-,ROAD,10,0.1,0,DAYS,-,-,-,-,HIER_LEVEL_1,HIER_LEVEL_2,HIER_LEVEL_3,1
140-0392,1000,SUB_PCBA,-,ROAD,10,0.1,2,DAYS,-,-,-,-,HIER_LEVEL_1,HIER_LEVEL_2,HIER_LEVEL_3,1
140-0628,1000,SUB_PCBA,-,ROAD,10,0.1,2,DAYS,-,-,-,-,HIER_LEVEL_1,HIER_LEVEL_2,HIER_LEVEL_3,1
140-0628,2000,SUB_PCBA,-,ROAD,20,0.1,2,DAYS,-,-,-,-,HIER_LEVEL_1,HIER_LEVEL_2,HIER_LEVEL_3,1
140-0645,1000,SUB_PCBA,-,ROAD,10,0.1,2,DAYS,-,-,-,-,HIER_LEVEL_1,HIER_LEVEL_2,HIER_LEVEL_3,1
140-0645,2000,SUB_PCBA,-,ROAD,20,0.1,2,DAYS,-,-,-,-,HIER_LEVEL_1,HIER_LEVEL_2,HIER_LEVEL_3,1
220-0230-005,1000,2000,-,ROAD,10,0.1,0,DAYS,-,-,-,-,HIER_LEVEL_1,HIER_LEVEL_2,HIER_LEVEL_3,1
160-1153,1000,SUB_PCBA,-,ROAD,10,0.1,2,DAYS,-,-,-,-,HIER_LEVEL_1,HIER_LEVEL_2,HIER_LEVEL_3,1
220-0230-001,1000,2000,-,ROAD,10,0.1,0,DAYS,-,-,-,-,HIER_LEVEL_1,HIER_LEVEL_2,HIER_LEVEL_3,1
220-0230-010,1000,2000,-,ROAD,10,0.1,0,DAYS,-,-,-,-,HIER_LEVEL_1,HIER_LEVEL_2,HIER_LEVEL_3,1
280-0293-31,1000,SUB_PCBA,-,ROAD,10,0.1,2,DAYS,-,-,-,-,HIER_LEVEL_1,HIER_LEVEL_2,HIER_LEVEL_3,1
280-0293-31,2000,SUB_PCBA,-,ROAD,20,0.1,2,DAYS,-,-,-,-,HIER_LEVEL_1,HIER_LEVEL_2,HIER_LEVEL_3,1
280-0636,1000,SUB_PCBA,-,ROAD,10,0.1,2,DAYS,-,-,-,-,HIER_LEVEL_1,HIER_LEVEL_2,HIER_LEVEL_3,1
280-0636,2000,SUB_PCBA,-,ROAD,20,0.1,2,DAYS,-,-,-,-,HIER_LEVEL_1,HIER_LEVEL_2,HIER_LEVEL_3,1
280-0750-33,1000,2000,-,ROAD,10,0.1,0,DAYS,-,-,-,-,HIER_LEVEL_1,HIER_LEVEL_2,HIER_LEVEL_3,1
280-0770,1000,2000,-,ROAD,10,0.1,0,DAYS,-,-,-,-,HIER_LEVEL_1,HIER_LEVEL_2,HIER_LEVEL_3,1
282-0040,1000,SUB_PCBA,-,ROAD,10,0.1,2,DAYS,-,-,-,-,HIER_LEVEL_1,HIER_LEVEL_2,HIER_LEVEL_3,1
282-0040,2000,SUB_PCBA,-,ROAD,20,0.1,2,DAYS,-,-,-,-,HIER_LEVEL_1,HIER_LEVEL_2,HIER_LEVEL_3,1
283-0146-N0,2000,1000,-,ROAD,10,0.1,0,DAYS,-,-,-,-,HIER_LEVEL_1,HIER_LEVEL_2,HIER_LEVEL_3,1
310-0063,1000,SUB_PCBA,-,ROAD,10,0.1,2,DAYS,-,-,-,-,HIER_LEVEL_1,HIER_LEVEL_2,HIER_LEVEL_3,1
310-0063,2000,SUB_PCBA,-,ROAD,20,0.1,2,DAYS,-,-,-,-,HIER_LEVEL_1,HIER_LEVEL_2,HIER_LEVEL_3,1
310-0063,5000,SUB_PCBA,-,ROAD,30,0.1,2,DAYS,-,-,-,-,HIER_LEVEL_1,HIER_LEVEL_2,HIER_LEVEL_3,1
320-0493,1000,SUB_PCBA,-,ROAD,10,0.1,2,DAYS,-,-,-,-,HIER_LEVEL_1,HIER_LEVEL_2,HIER_LEVEL_3,1
320-0493,2000,SUB_PCBA,-,ROAD,20,0.1,2,DAYS,-,-,-,-,HIER_LEVEL_1,HIER_LEVEL_2,HIER_LEVEL_3,1
140-0386,2000,SUB_PCBA,-,ROAD,20,0.1,2,DAYS,-,-,-,-,HIER_LEVEL_1,HIER_LEVEL_2,HIER_LEVEL_3,1
140-0434,1000,SUB_PCBA,-,ROAD,10,0.1,2,DAYS,-,-,-,-,HIER_LEVEL_1,HIER_LEVEL_2,HIER_LEVEL_3,1
140-0470,1000,2000,-,ROAD,10,0.1,0,DAYS,-,-,-,-,HIER_LEVEL_1,HIER_LEVEL_2,HIER_LEVEL_3,1
160-1132,2000,SUB_PCBA,-,ROAD,20,0.1,2,DAYS,-,-,-,-,HIER_LEVEL_1,HIER_LEVEL_2,HIER_LEVEL_3,1
160-1132,1000,SUB_PCBA,-,ROAD,10,0.1,2,DAYS,-,-,-,-,HIER_LEVEL_1,HIER_LEVEL_2,HIER_LEVEL_3,1
160-1172,1000,SUB_PCBA,-,ROAD,10,0.1,2,DAYS,-,-,-,-,HIER_LEVEL_1,HIER_LEVEL_2,HIER_LEVEL_3,1
160-1172,2000,SUB_PCBA,-,ROAD,20,0.1,2,DAYS,-,-,-,-,HIER_LEVEL_1,HIER_LEVEL_2,HIER_LEVEL_3,1
280-0798,1000,SUB_PCBA,-,ROAD,10,0.1,2,DAYS,-,-,-,-,HIER_LEVEL_1,HIER_LEVEL_2,HIER_LEVEL_3,1
280-0798,2000,SUB_PCBA,-,ROAD,20,0.1,2,DAYS,-,-,-,-,HIER_LEVEL_1,HIER_LEVEL_2,HIER_LEVEL_3,1
280-0848,1000,SUB_PCBA,-,ROAD,10,0.1,2,DAYS,-,-,-,-,HIER_LEVEL_1,HIER_LEVEL_2,HIER_LEVEL_3,1
280-0698,2000,SUB_PCBA,-,ROAD,20,0.1,2,DAYS,-,-,-,-,HIER_LEVEL_1,HIER_LEVEL_2,HIER_LEVEL_3,1
280-0698,1000,SUB_PCBA,-,ROAD,10,0.1,2,DAYS,-,-,-,-,HIER_LEVEL_1,HIER_LEVEL_2,HIER_LEVEL_3,1
280-0750-29,1000,2000,-,ROAD,10,0.1,0,DAYS,-,-,-,-,HIER_LEVEL_1,HIER_LEVEL_2,HIER_LEVEL_3,1
280-0981-N0,1000,SUB_PCBA,-,ROAD,10,0.1,2,DAYS,-,-,-,-,HIER_LEVEL_1,HIER_LEVEL_2,HIER_LEVEL_3,1
280-0981-N0,2000,SUB_PCBA,-,ROAD,20,0.1,2,DAYS,-,-,-,-,HIER_LEVEL_1,HIER_LEVEL_2,HIER_LEVEL_3,1
282-0601,2000,SUB_PCBA,-,ROAD,20,0.1,2,DAYS,-,-,-,-,HIER_LEVEL_1,HIER_LEVEL_2,HIER_LEVEL_3,1
282-0601,1000,SUB_PCBA,-,ROAD,10,0.1,2,DAYS,-,-,-,-,HIER_LEVEL_1,HIER_LEVEL_2,HIER_LEVEL_3,1
310-0321,1000,2000,-,ROAD,10,0.1,0,DAYS,-,-,-,-,HIER_LEVEL_1,HIER_LEVEL_2,HIER_LEVEL_3,1
310-0414-01,1000,SUB_PCBA,-,ROAD,10,0.1,2,DAYS,-,-,-,-,HIER_LEVEL_1,HIER_LEVEL_2,HIER_LEVEL_3,1
310-0414-01,2000,SUB_PCBA,-,ROAD,20,0.1,2,DAYS,-,-,-,-,HIER_LEVEL_1,HIER_LEVEL_2,HIER_LEVEL_3,1
310-0414-01,5000,SUB_PCBA,-,ROAD,30,0.1,2,DAYS,-,-,-,-,HIER_LEVEL_1,HIER_LEVEL_2,HIER_LEVEL_3,1
310-0591-R,2000,1000,-,ROAD,10,0.1,0,DAYS,-,-,-,-,HIER_LEVEL_1,HIER_LEVEL_2,HIER_LEVEL_3,1
320-0412,1000,SUB_PCBA,-,ROAD,10,0.1,2,DAYS,-,-,-,-,HIER_LEVEL_1,HIER_LEVEL_2,HIER_LEVEL_3,1
320-0412,2000,SUB_PCBA,-,ROAD,20,0.1,2,DAYS,-,-,-,-,HIER_LEVEL_1,HIER_LEVEL_2,HIER_LEVEL_3,1
320-0706,1000,2000,-,ROAD,10,0.1,0,DAYS,-,-,-,-,HIER_LEVEL_1,HIER_LEVEL_2,HIER_LEVEL_3,1
280-0848,2000,SUB_PCBA,-,ROAD,20,0.1,2,DAYS,-,-,-,-,HIER_LEVEL_1,HIER_LEVEL_2,HIER_LEVEL_3,1
280-1134,1000,2000,-,ROAD,10,0.1,0,DAYS,-,-,-,-,HIER_LEVEL_1,HIER_LEVEL_2,HIER_LEVEL_3,1
283-0146-N2,2000,1000,-,ROAD,10,0.1,0,DAYS,-,-,-,-,HIER_LEVEL_1,HIER_LEVEL_2,HIER_LEVEL_3,1
320-0438,1000,SUB_PCBA,-,ROAD,10,0.1,2,DAYS,-,-,-,-,HIER_LEVEL_1,HIER_LEVEL_2,HIER_LEVEL_3,1
320-0438,2000,SUB_PCBA,-,ROAD,20,0.1,2,DAYS,-,-,-,-,HIER_LEVEL_1,HIER_LEVEL_2,HIER_LEVEL_3,1
