PRODUCT_ID,DESCRIPTION,LOCATION,PRODUCT_TYPE,RESOLUTION,MIN_LOT_SIZE,MAX_LOT_SIZE,STD_LOT_SIZE,INCR_LOT_SIZE,BUILD_PERIOD,OBSOLETE,TIME_FENCE,CYCLE_TYPE, CYCLE_FAMILY ,INVENTORY,REVENUE,SHARE_FLAG,MIX,PROD_AREA,HIER_LEVEL_1,HIER_LEVEL_2,HIER_LEVEL_3,Product_Unit_Cost,LOC_ID,HOLD_COST,PRODUCT_FAMILY,PRODUCT_GROUP,OpOverrideType,SOURCING_UDA,FAB_LOC,FAB_PART_ID,TECHNOLOGY,MASK_LAYERS,WAFER_SIZE,MAT_TYPE,PASSIVATION,BUMP_LOC,BUMP_TYPE,PROBE_LOC,DB_LOC,PACKAGE_FAMILY,PACKAGE,ASSY_LOC,TEST_LOC,A_MAT_STATUS,LATE_FORECAST,LATE_SALES
FG1a,-,FG-DC1,1,D,1,31262,31262,1,-,-,-,factor,2,-,-,-,-,FG,TEST_ProductGroupX_ProductFamilyA,TEST_ProductGroupX,1-TEST,1,FG-DC1,0.00327,ProductFamilyA,ProductGroupX,-,-,-,-,-,-,-,-,-,-,-,-,-,-,-,-,-,50,-,-
FG1a,-,FIN-ASSY,1,D,1,31262,31262,1,-,-,-,factor,2,-,-,-,-,FG,TEST_ProductGroupX_ProductFamilyA,TEST_ProductGroupX,1-TEST,1,FG-DC1,0,ProductFamilyB,ProductGroupX,-,-,-,-,-,-,-,-,-,-,-,-,-,-,-,-,-,50,-,-
TEST1a,-,FIN-ASSY,1,D,1,31262,31262,1,-,-,-,factor,2,-,-,-,-,TEST,TEST_ProductGroupX_ProductFamilyA,TEST_ProductGroupX,1-TEST,1,FG-DC1,0,ProductFamilyB,ProductGroupX,-,-,-,-,-,-,-,-,-,-,-,-,-,-,-,-,-,50,-,-
TEST1a,-,WTEST-M1,1,D,1,31262,31262,1,21,-,-,factor,2,-1,-,-,-,TEST,TEST_ProductGroupX_ProductFamilyA,TEST_ProductGroupX,1-TEST,1,WTEST-M1,0,-,-,-,-,-,-,-,-,-,-,-,-,-,-,-,-,-,-,WTEST-M1,50,-,-
ASM1a,-,WTEST-M1,1,D,1,31262,31262,1,-,-,-,factor,2,-1,-,-,-,ASSY,ASSY_WIREBOND_256BGA,ASSY_WIREBOND,2-ASSY,1,WTEST-M1,0,-,-,-,-,-,-,-,-,-,-,-,-,-,-,-,WIREBOND,256BGA,-,-,50,-,-
ASM1a,-,ASSY-M2,1,D,1,31262,31262,1,21,-,-,factor,2,-1,-,-,-,ASSY,ASSY_WIREBOND_256BGA,ASSY_WIREBOND,2-ASSY,1,ASSY-M2,0,-,-,-,-,-,-,-,-,-,-,-,-,-,-,-,WIREBOND,256BGA,ASSY-M2,-,50,-,-
DIE1,-,ASSY-M2,1,D,1421,1421,1421,1421,-,-,-,factor,2,-1,-,-,-,DB,DB_ProductGroupX_ProductFamilyA,DB_ProductGroupX,3-DB,1,DB,0,-,-,-,-,-,-,-,-,-,-,-,-,-,-,-,-,-,-,-,50,-,-
PROBE1,-,ASSY-M2,1,D,25,25,25,25,-,-,-,factor,2,-,-,-,0,PROBE,PROBE_ProductGroupX_ProductFamilyA,PROBE_ProductGroupX,4-PROBE,3000,PROBE,0,-,-,-,-,-,-,-,-,-,-,-,-,-,-,-,-,-,-,-,50,-,-
PROBE1,-,WPROB-M1,1,D,25,25,25,25,28,-,-,factor,2,-,-,0,0,PROBE,PROBE_ProductGroupX_ProductFamilyA,PROBE_ProductGroupX,4-PROBE,3000,WPROB-M1,0,-,-,-,-,-,-,-,-,-,-,-,-,-,WPROB-M1,-,-,-,-,-,50,-,-
WAFER1,-,WPROB-M1,1,D,25,25,25,25,-,-,-,factor,2,-,-,0,0,FAB,FAB_65NM,FAB_65NM,6-FAB,3000,WPROB-M1,0,-,-,-,-,-,-,-,-,-,-,-,-,-,-,-,-,-,-,-,50,-,-
WAFER1,-,FAB1,1,D,25,25,25,25,28,-,-,factor,2,-,-,-,0,FAB,FAB_65NM,FAB_65NM,6-FAB,3000,FAB1,0,-,-,-,-,FAB1,WAFER1,65NM,43,12,-,-,-,-,-,-,-,-,-,-,50,-,-
RAW,-,FAB1,0,D,500,500,500,500,-,-,-,factor,2,-,-,-,0,RAW,RAW,RAW,7-RAW,1,RAW,0,-,-,-,-,-,-,-,-,-,-,-,-,-,-,-,-,-,-,-,50,-,-
COMPONENT11,-,FIN-ASSY,0,D,1,5000,5000,1,-,-,-,factor,2,-,-,-,-,RAW,RAW,RAW,7-RAW,1,FIN-ASSY,0,-,-,-,-,-,-,-,-,-,-,-,-,-,-,-,-,-,-,-,50,-,-
COMPONENT12,-,FIN-ASSY,0,D,1,5000,5000,1,-,-,-,factor,2,-,-,-,-,RAW,RAW,RAW,7-RAW,1,FIN-ASSY,0,-,-,-,-,-,-,-,-,-,-,-,-,-,-,-,-,-,-,-,50,-,-
COMPONENT13,-,FIN-ASSY,0,D,1,5000,5000,1,-,-,-,factor,2,-,-,-,-,RAW,RAW,RAW,7-RAW,1,FIN-ASSY,0,-,-,-,-,-,-,-,-,-,-,-,-,-,-,-,-,-,-,-,50,-,-
COMPONENT21,-,FIN-ASSY,0,D,1,5000,5000,1,-,-,-,factor,2,-,-,-,-,RAW,RAW,RAW,7-RAW,1,FIN-ASSY,0,-,-,-,-,-,-,-,-,-,-,-,-,-,-,-,-,-,-,-,50,-,-
COMPONENT22,-,FIN-ASSY,0,D,1,5000,5000,1,-,-,-,factor,2,-,-,-,-,RAW,RAW,RAW,7-RAW,1,FIN-ASSY,0,-,-,-,-,-,-,-,-,-,-,-,-,-,-,-,-,-,-,-,50,-,-
COMPONENT23,-,FIN-ASSY,0,D,1,5000,5000,1,-,-,-,factor,2,-,-,-,-,RAW,RAW,RAW,7-RAW,1,FIN-ASSY,0,-,-,-,-,-,-,-,-,-,-,-,-,-,-,-,-,-,-,-,50,-,-
COMPONENT31,-,FIN-ASSY,0,D,1,5000,5000,1,-,-,-,factor,2,-,-,-,-,RAW,RAW,RAW,7-RAW,1,FIN-ASSY,0,-,-,-,-,-,-,-,-,-,-,-,-,-,-,-,-,-,-,-,50,-,-
COMPONENT32,-,FIN-ASSY,0,D,1,5000,5000,1,-,-,-,factor,2,-,-,-,-,RAW,RAW,RAW,7-RAW,1,FIN-ASSY,0,-,-,-,-,-,-,-,-,-,-,-,-,-,-,-,-,-,-,-,50,-,-
COMPONENT33,-,FIN-ASSY,0,D,1,5000,5000,1,-,-,-,factor,2,-,-,-,-,RAW,RAW,RAW,7-RAW,1,FIN-ASSY,0,-,-,-,-,-,-,-,-,-,-,-,-,-,-,-,-,-,-,-,50,-,-
COMPONENT41,-,FIN-ASSY,0,D,1,5000,5000,1,-,-,-,factor,2,-,-,-,-,RAW,RAW,RAW,7-RAW,1,FIN-ASSY,0,-,-,-,-,-,-,-,-,-,-,-,-,-,-,-,-,-,-,-,50,-,-
COMPONENT42,-,FIN-ASSY,0,D,1,5000,5000,1,-,-,-,factor,2,-,-,-,-,RAW,RAW,RAW,7-RAW,1,FIN-ASSY,0,-,-,-,-,-,-,-,-,-,-,-,-,-,-,-,-,-,-,-,50,-,-
COMPONENT43,-,FIN-ASSY,0,D,1,5000,5000,1,-,-,-,factor,2,-,-,-,-,RAW,RAW,RAW,7-RAW,1,FIN-ASSY,0,-,-,-,-,-,-,-,-,-,-,-,-,-,-,-,-,-,-,-,50,-,-
FG1c,-,FG-DC1,1,D,1,31262,31262,1,-,-,-,factor,2,-,-,-,-,FG,TEST_ProductGroupX_ProductFamilyA,TEST_ProductGroupX,1-TEST,1,FG-DC1,0.00327,ProductFamilyA,ProductGroupX,-,-,-,-,-,-,-,-,-,-,-,-,-,-,-,-,-,50,-,-
FG1c,-,FIN-ASSY,1,D,1,31262,31262,1,-,-,-,factor,2,-,-,-,-,FG,TEST_ProductGroupX_ProductFamilyA,TEST_ProductGroupX,1-TEST,1,FG-DC1,0,ProductFamilyB,ProductGroupX,-,-,-,-,-,-,-,-,-,-,-,-,-,-,-,-,-,50,-,-
TEST1c,-,FIN-ASSY,1,D,1,31262,31262,1,-,-,-,factor,2,-,-,-,-,TEST,TEST_ProductGroupX_ProductFamilyA,TEST_ProductGroupX,1-TEST,1,FG-DC1,0,ProductFamilyB,ProductGroupX,-,-,-,-,-,-,-,-,-,-,-,-,-,-,-,-,-,50,-,-
TEST1c,-,WTEST-M1,1,D,1,31262,31262,1,21,-,-,factor,2,-1,-,-,-,TEST,TEST_ProductGroupX_ProductFamilyA,TEST_ProductGroupX,1-TEST,1,WTEST-M1,0,-,-,-,-,-,-,-,-,-,-,-,-,-,-,-,-,-,-,WTEST-M1,50,-,-
ASM1c,-,WTEST-M1,1,D,1,31262,31262,1,-,-,-,factor,2,-1,-,-,-,ASSY,ASSY_WIREBOND_256BGA,ASSY_WIREBOND,2-ASSY,1,WTEST-M1,0,-,-,-,-,-,-,-,-,-,-,-,-,-,-,-,WIREBOND,256BGA,-,-,50,-,-
ASM1c,-,ASSY-M2,1,D,1,31262,31262,1,21,-,-,factor,2,-1,-,-,-,ASSY,ASSY_WIREBOND_256BGA,ASSY_WIREBOND,2-ASSY,1,ASSY-M2,0,-,-,-,-,-,-,-,-,-,-,-,-,-,-,-,WIREBOND,256BGA,ASSY-M2,-,50,-,-
FG1b,-,FG-DC1,1,D,1,31262,31262,1,-,-,-,factor,2,-,-,-,-,FG,TEST_ProductGroupX_ProductFamilyA,TEST_ProductGroupX,1-TEST,1,FG-DC1,0.00327,ProductFamilyA,ProductGroupX,-,-,-,-,-,  ,  ,-,-,-,-,-,-,-,-,-,-,50,-,-
FG1b,-,FIN-ASSY,1,D,1,31262,31262,1,-,-,-,factor,2,-,-,-,-,FG,TEST_ProductGroupX_ProductFamilyA,TEST_ProductGroupX,1-TEST,1,FG-DC1,0,ProductFamilyB,ProductGroupX,-,-,-,-,-,-,-,-,-,-,-,-,-,-,-,-,-,50,-,-
TEST1b,-,FIN-ASSY,1,D,1,31262,31262,1,-,-,-,factor,2,-,-,-,-,TEST,TEST_ProductGroupX_ProductFamilyA,TEST_ProductGroupX,1-TEST,1,FG-DC1,0,ProductFamilyB,ProductGroupX,-,-,-,-,-,-,-,-,-,-,-,-,-,-,-,-,-,50,-,-
TEST1b,-,WTEST-M1,1,D,1,31262,31262,1,21,-,-,factor,2,-1,-,-,-,TEST,TEST_ProductGroupX_ProductFamilyA,TEST_ProductGroupX,1-TEST,1,WTEST-M1,0,-,-,-,-,-,-,-,  ,  ,-,-,-,-,-,-,-,-,-,WTEST-M1,50,-,-
ASM1b,-,WTEST-M1,1,D,1,31262,31262,1,-,-,-,factor,2,-1,-,-,-,ASSY,ASSY_WIREBOND_256BGA,ASSY_WIREBOND,2-ASSY,1,WTEST-M1,0,-,-,-,-,-,-,-,  ,  ,-,-,-,-,-,-,WIREBOND,256BGA,-,-,50,-,-
ASM1b,-,ASSY-M2,1,D,1,31262,31262,1,21,-,-,factor,2,-1,-,-,-,ASSY,ASSY_WIREBOND_256BGA,ASSY_WIREBOND,2-ASSY,1,ASSY-M2,0,-,-,-,-,-,-,-,  ,  ,-,-,-,-,-,-,WIREBOND,256BGA,ASSY-M2,-,50,-,-
FG3,-,VMI1,1,D,1,85000,85000,1,-,-,-,factor,2,-,-,-,-,FG,TEST_ProductGroupX_ProductFamilyB,TEST_ProductGroupX,1-TEST,1,VMI1,0.00327,ProductFamilyB,ProductGroupX,-,-,-,-,-,-,-,-,-,-,-,-,-,-,-,-,-,50,-,-
FG3,-,VMI2,1,D,1,85000,85000,1,-,-,-,factor,2,-,-,-,-,FG,TEST_ProductGroupX_ProductFamilyB,TEST_ProductGroupX,1-TEST,1,VMI2,0.00327,ProductFamilyB,ProductGroupX,-,-,-,-,-,-,-,-,-,-,-,-,-,-,-,-,-,50,-,-
FG3,-,FG-DC1,1,D,1,85000,85000,1,-,-,-,factor,2,-,-,-,-,FG,TEST_ProductGroupX_ProductFamilyB,TEST_ProductGroupX,1-TEST,1,FG-DC1,0,ProductFamilyB,ProductGroupX,-,-,-,-,-,-,-,-,-,-,-,-,-,-,-,-,-,50,-,-
FG3,-,FG-DC2,1,D,1,85000,85000,1,-,-,-,factor,2,-,-,-,-,FG,TEST_ProductGroupX_ProductFamilyB,TEST_ProductGroupX,1-TEST,1,FG-DC1,0,ProductFamilyB,ProductGroupX,-,-,-,-,-,-,-,-,-,-,-,-,-,-,-,-,-,50,-,-
FG3,-,FIN-ASSY,1,D,1,85000,85000,1,-,-,-,factor,2,-,-,-,-,FG,TEST_ProductGroupX_ProductFamilyB,TEST_ProductGroupX,1-TEST,1,FG-DC1,0,ProductFamilyB,ProductGroupX,-,-,-,-,-,-,-,-,-,-,-,-,-,-,-,-,-,50,-,-
TEST3,-,FIN-ASSY,1,D,1,85000,85000,1,-,-,-,factor,2,-,-,-,-,TEST,TEST_ProductGroupX_ProductFamilyB,TEST_ProductGroupX,1-TEST,1,FG-DC1,0,ProductFamilyB,ProductGroupX,-,-,-,-,-,-,-,-,-,-,-,-,-,-,-,-,-,50,-,-
TEST3,-,WTEST-M1,1,D,1,85000,85000,1,21,-,-,factor,2,-1,-,-,-,TEST,TEST_ProductGroupX_ProductFamilyB,TEST_ProductGroupX,1-TEST,1,WTEST-M1,0,-,-,-,-,-,-,-,-,-,-,-,-,-,-,-,-,-,-,WTEST-M1,50,-,-
TEST3,-,WTEST-M2,1,D,1,85000,85000,1,21,-,-,factor,2,-1,-,-,-,TEST,TEST_ProductGroupX_ProductFamilyB,TEST_ProductGroupX,1-TEST,1,WTEST-M2,0,-,-,-,-,-,-,-,-,-,-,-,-,-,-,-,-,-,-,WTEST-M2,50,-,-
ASM3,-,WTEST-M1,1,D,1,85000,85000,1,-,-,-,factor,2,-1,-,-,-,ASSY,ASSY_FLIPCHIP_330FPBGA,ASSY_FLIPCHIP,2-ASSY,1,WTEST-M1,0,-,-,-,-,-,-,-,-,-,-,-,-,-,-,-,FLIPCHIP,330FPBGA,-,-,50,-,-
ASM3,-,WTEST-M2,1,D,1,85000,85000,1,-,-,-,factor,2,-1,-,-,-,ASSY,ASSY_FLIPCHIP_330FPBGA,ASSY_FLIPCHIP,2-ASSY,1,WTEST-M2,0,-,-,-,-,-,-,-,-,-,-,-,-,-,-,-,FLIPCHIP,330FPBGA,-,-,50,-,-
ASM3,-,ASSY-M2,1,D,1,85000,85000,1,21,-,-,factor,2,-1,-,-,-,ASSY,ASSY_FLIPCHIP_330FPBGA,ASSY_FLIPCHIP,2-ASSY,1,ASSY-M2,0,-,-,-,-,-,-,-,-,-,-,-,-,-,-,-,FLIPCHIP,330FPBGA,ASSY-M2,-,50,-,-
ASM3,-,ASSY-M3,1,D,1,85000,85000,1,21,-,-,factor,2,-1,-,-,-,ASSY,ASSY_FLIPCHIP_330FPBGA,ASSY_FLIPCHIP,2-ASSY,1,ASSY-M3,0,-,-,-,-,-,-,-,-,-,-,-,-,-,-,-,FLIPCHIP,330FPBGA,ASSY-M3,-,50,-,-
DIE3,-,ASSY-M2,1,D,4000,4000,4000,4000,-,-,-,factor,2,-1,-,-,-,DB,DB_ProductGroupX_ProductFamilyB,DB_ProductGroupX,3-DB,1,DB,0,-,-,-,-,-,-,-,-,-,-,-,-,-,-,-,-,-,-,-,50,-,-
DIE3,-,ASSY-M3,1,D,4000,4000,4000,4000,-,-,-,factor,2,-1,-,-,-,DB,DB_ProductGroupX_ProductFamilyB,DB_ProductGroupX,3-DB,1,DB,0,-,-,-,-,-,-,-,-,-,-,-,-,-,-,-,-,-,-,-,50,-,-
PROBE3,-,ASSY-M3,1,D,25,25,25,25,-,-,-,factor,2,-,-,0,0,PROBE,PROBE_ProductGroupX_ProductFamilyB,PROBE_ProductGroupX,4-PROBE,5000,PROBE,0,-,-,-,-,-,-,-,-,-,-,-,-,-,-,-,-,-,-,-,50,-,-
PROBE3,-,ASSY-M2,1,D,25,25,25,25,-,-,-,factor,2,-,-,0,0,PROBE,PROBE_ProductGroupX_ProductFamilyB,PROBE_ProductGroupX,4-PROBE,5000,PROBE,0,-,-,-,-,-,-,-,-,-,-,-,-,-,-,-,-,-,-,-,50,-,-
PROBE3,-,WPROB-M2,1,D,25,25,25,25,28,-,-,factor,2,-,-,0,0,PROBE,PROBE_ProductGroupX_ProductFamilyB,PROBE_ProductGroupX,4-PROBE,5000,WPROB-M2,0,-,-,-,-,-,-,-,-,-,-,-,-,-,WPROB-M2,-,-,-,-,-,50,-,-
PROBE3,-,WPROB-M1,1,D,25,25,25,25,28,-,-,factor,2,-,-,0,0,PROBE,PROBE_ProductGroupX_ProductFamilyB,PROBE_ProductGroupX,4-PROBE,5000,WPROB-M1,0,-,-,-,-,-,-,-,-,-,-,-,-,-,WPROB-M1,-,-,-,-,-,50,-,-
BUMP3,-,WPROB-M2,1,D,25,25,25,25,-,-,-,factor,2,-,-,0,0,BUMP,BUMP_ProductFamilyB_LEADFREE,BUMP_ProductFamilyB_LEADFREE,5-BUMP,5000,WPROB-M2,0,-,-,-,-,-,-,-,-,-,-,-,-,-,-,-,-,-,-,-,50,-,-
BUMP3,-,WPROB-M1,1,D,25,25,25,25,-,-,-,factor,2,-,-,0,0,BUMP,BUMP_ProductFamilyB_LEADFREE,BUMP_ProductFamilyB_LEADFREE,5-BUMP,5000,WPROB-M1,0,-,-,-,-,-,-,-,-,-,-,-,-,-,-,-,-,-,-,-,50,-,-
BUMP3,-,WBUMP-M2,1,D,25,25,25,25,28,-,-,factor,2,-,-,0,0,BUMP,BUMP_ProductFamilyB_LEADFREE,BUMP_ProductFamilyB_LEADFREE,5-BUMP,5000,WBUMP-M2,0,-,-,-,-,-,-,-,-,-,-,-,WBUMP-M2,LEADFREE,-,-,-,-,-,-,50,-,-
BUMP3,-,WBUMP-M3,1,D,25,25,25,25,28,-,-,factor,2,-,-,0,0,BUMP,BUMP_ProductFamilyB_LEADFREE,BUMP_ProductFamilyB_LEADFREE,5-BUMP,5000,WBUMP-M3,0,-,-,-,-,-,-,-,-,-,-,-,WBUMP-M3,LEADFREE,-,-,-,-,-,-,50,-,-
WAFER3,-,WBUMP-M2,1,D,25,25,25,25,-,-,-,factor,2,-,-,0,0,FAB,FAB_28HPM,FAB_28HPM,6-FAB,5000,FAB,0,-,-,-,-,-,-,-,-,-,-,-,-,-,-,-,-,-,-,-,50,-,-
WAFER3,-,WBUMP-M3,1,D,25,25,25,25,-,-,-,factor,2,-,-,0,0,FAB,FAB_28HPM,FAB_28HPM,6-FAB,5000,FAB,0,-,-,-,-,-,-,-,-,-,-,-,-,-,-,-,-,-,-,-,50,-,-
WAFER3,-,FAB1,1,D,25,25,25,25,28,-,-,factor,2,-,-,-,0,FAB,FAB_28HPM,FAB_28HPM,6-FAB,5000,FAB1,0,-,-,-,-,FAB1,WAFER3,28HPM,47,12,-,-,-,-,-,-,-,-,-,-,50,-,-
FG4,-,VMI1,1,D,1,25033,25033,1,-,-,-,factor,2,-,-,-,-,FG,TEST_ProductGroupX_ProductFamilyB,TEST_ProductGroupX,1-TEST,1,VMI1,0.00327,ProductFamilyB,ProductGroupX,-,-,-,-,-,-,-,-,-,-,-,-,-,-,-,-,-,50,-,-
FG4,-,VMI2,1,D,1,25033,25033,1,-,-,-,factor,2,-,-,-,-,FG,TEST_ProductGroupX_ProductFamilyB,TEST_ProductGroupX,1-TEST,1,VMI2,0.00327,ProductFamilyB,ProductGroupX,-,-,-,-,-,-,-,-,-,-,-,-,-,-,-,-,-,50,-,-
FG4,-,FG-DC1,1,D,1,25033,25033,1,-,-,-,factor,2,-,-,-,-,FG,TEST_ProductGroupX_ProductFamilyB,TEST_ProductGroupX,1-TEST,1,FG-DC1,0,ProductFamilyB,ProductGroupX,-,-,-,-,-,-,-,-,-,-,-,-,-,-,-,-,-,50,-,-
FG4,-,FG-DC2,1,D,1,25033,25033,1,-,-,-,factor,2,-,-,-,-,FG,TEST_ProductGroupX_ProductFamilyB,TEST_ProductGroupX,1-TEST,1,FG-DC1,0,ProductFamilyB,ProductGroupX,-,-,-,-,-,-,-,-,-,-,-,-,-,-,-,-,-,50,-,-
FG4,-,FIN-ASSY,1,D,1,25033,25033,1,-,-,-,factor,2,-,-,-,-,FG,TEST_ProductGroupX_ProductFamilyB,TEST_ProductGroupX,1-TEST,1,FG-DC1,0,ProductFamilyB,ProductGroupX,-,-,-,-,-,-,-,-,-,-,-,-,-,-,-,-,-,50,-,-
TEST4,-,FIN-ASSY,1,D,1,25033,25033,1,-,-,-,factor,2,-,-,-,-,TEST,TEST_ProductGroupX_ProductFamilyB,TEST_ProductGroupX,1-TEST,1,FG-DC1,0,ProductFamilyB,ProductGroupX,-,-,-,-,-,-,-,-,-,-,-,-,-,-,-,-,-,50,-,-
TEST4,-,WTEST-M1,1,D,1,25033,25033,1,21,-,-,factor,2,-1,-,-,-,TEST,TEST_ProductGroupX_ProductFamilyB,TEST_ProductGroupX,1-TEST,1,WTEST-M1,0,-,-,-,-,-,-,-,-,-,-,-,-,-,-,-,-,-,-,WTEST-M1,50,-,-
TEST4,-,WTEST-M2,1,D,1,25033,25033,1,21,-,-,factor,2,-1,-,-,-,TEST,TEST_ProductGroupX_ProductFamilyB,TEST_ProductGroupX,1-TEST,1,WTEST-M2,0,-,-,-,-,-,-,-,-,-,-,-,-,-,-,-,-,-,-,WTEST-M2,50,-,-
ASM4,-,WTEST-M1,1,D,1,25033,25033,1,-,-,-,factor,2,-1,-,-,-,ASSY,ASSY_FLIPCHIP_601FPBGA,ASSY_FLIPCHIP,2-ASSY,1,WTEST-M1,0,-,-,-,-,-,-,-,-,-,-,-,-,-,-,-,FLIPCHIP,330FPBGA,-,-,50,-,-
ASM4,-,WTEST-M2,1,D,1,25033,25033,1,-,-,-,factor,2,-1,-,-,-,ASSY,ASSY_FLIPCHIP_601FPBGA,ASSY_FLIPCHIP,2-ASSY,1,WTEST-M2,0,-,-,-,-,-,-,-,-,-,-,-,-,-,-,-,FLIPCHIP,330FPBGA,-,-,50,-,-
ASM4,-,ASSY-M2,1,D,1,25033,25033,1,21,-,-,factor,2,-1,-,-,-,ASSY,ASSY_FLIPCHIP_601FPBGA,ASSY_FLIPCHIP,2-ASSY,1,ASSY-M2,0,-,-,-,-,-,-,-,-,-,-,-,-,-,-,-,FLIPCHIP,601FPBGA,ASSY-M2,-,50,-,-
ASM4,-,ASSY-M3,1,D,1,25033,25033,1,21,-,-,factor,2,-1,-,-,-,ASSY,ASSY_FLIPCHIP_601FPBGA,ASSY_FLIPCHIP,2-ASSY,1,ASSY-M3,0,-,-,-,-,-,-,-,-,-,-,-,-,-,-,-,FLIPCHIP,601FPBGA,ASSY-M3,-,50,-,-
DIE4,-,ASSY-M2,1,D,1178,1178,1178,1178,-,-,-,factor,2,-1,-,-,-,DB,DB_ProductGroupX_ProductFamilyB,DB_ProductGroupX,3-DB,1,DIE,0,-,-,-,-,-,-,-,-,-,-,-,-,-,-,-,-,-,-,-,50,-,-
DIE4,-,ASSY-M3,1,D,1178,1178,1178,1178,-,-,-,factor,2,-1,-,-,-,DB,DB_ProductGroupX_ProductFamilyB,DB_ProductGroupX,3-DB,1,DIE,0,-,-,-,-,-,-,-,-,-,-,-,-,-,-,-,-,-,-,-,50,-,-
PROBE4,-,ASSY-M3,1,D,25,25,25,25,-,-,-,factor,2,-1,-,0,0,PROBE,PROBE_ProductGroupX_ProductFamilyB,PROBE_ProductGroupX,4-PROBE,5000,PROBE,0,-,-,-,-,-,-,-,-,-,-,-,-,-,-,-,-,-,-,-,50,-,-
PROBE4,-,ASSY-M2,1,D,25,25,25,25,-,-,-,factor,2,-,-,0,0,PROBE,PROBE_ProductGroupX_ProductFamilyB,PROBE_ProductGroupX,4-PROBE,5000,PROBE,0,-,-,-,-,-,-,-,-,-,-,-,-,-,-,-,-,-,-,-,50,-,-
PROBE4,-,WPROB-M2,1,D,25,25,25,25,28,-,-,factor,2,-,-,0,0,PROBE,PROBE_ProductGroupX_ProductFamilyB,PROBE_ProductGroupX,4-PROBE,5000,WPROB-M2,0,-,-,-,-,-,-,-,-,-,-,-,-,-,WPROB-M2,-,-,-,-,-,50,-,-
PROBE4,-,WPROB-M1,1,D,25,25,25,25,28,-,-,factor,2,-,-,0,0,PROBE,PROBE_ProductGroupX_ProductFamilyB,PROBE_ProductGroupX,4-PROBE,5000,WPROB-M1,0,-,-,-,-,-,-,-,-,-,-,-,-,-,WPROB-M1,-,-,-,-,-,50,-,-
BUMP4,-,WPROB-M2,1,D,25,25,25,25,-,-,-,factor,2,-,-,0,0,BUMP,BUMP_ProductFamilyB_LEADFREE,BUMP_ProductFamilyB_LEADFREE,5-BUMP,5000,WPROB-M2,0,-,-,-,-,-,-,-,-,-,-,-,-,-,-,-,-,-,-,-,50,-,-
BUMP4,-,WPROB-M1,1,D,25,25,25,25,-,-,-,factor,2,-,-,0,0,BUMP,BUMP_ProductFamilyB_LEADFREE,BUMP_ProductFamilyB_LEADFREE,5-BUMP,5000,WPROB-M1,0,-,-,-,-,-,-,-,-,-,-,-,-,-,-,-,-,-,-,-,50,-,-
BUMP4,-,WBUMP-M2,1,D,25,25,25,25,28,-,-,factor,2,-,-,0,0,BUMP,BUMP_ProductFamilyB_LEADFREE,BUMP_ProductFamilyB_LEADFREE,5-BUMP,5000,WBUMP-M2,0,-,-,-,-,-,-,-,-,-,-,-,WBUMP-M2,LEADFREE,-,-,-,-,-,-,50,-,-
BUMP4,-,WBUMP-M3,1,D,25,25,25,25,28,-,-,factor,2,-,-,0,0,BUMP,BUMP_ProductFamilyB_LEADFREE,BUMP_ProductFamilyB_LEADFREE,5-BUMP,5000,WBUMP-M3,0,-,-,-,-,-,-,-,-,-,-,-,WBUMP-M3,LEADFREE,-,-,-,-,-,-,50,-,-
WAFER4,-,WBUMP-M2,1,D,25,25,25,25,-,-,-,factor,2,-,-,0,0,FAB,FAB_28HPM,FAB_28HPM,6-FAB,5000,FAB,0,-,-,-,-,-,-,-,-,-,-,-,-,-,-,-,-,-,-,-,50,-,-
WAFER4,-,WBUMP-M3,1,D,25,25,25,25,-,-,-,factor,2,-,-,0,0,FAB,FAB_28HPM,FAB_28HPM,6-FAB,5000,FAB,0,-,-,-,-,-,-,-,-,-,-,-,-,-,-,-,-,-,-,-,50,-,-
WAFER4,-,FAB1,1,D,25,25,25,25,28,-,-,factor,2,-,-,-,0,FAB,FAB_28HPM,FAB_28HPM,6-FAB,5000,FAB1,0,-,-,-,-,FAB1,WAFER4,28HPM,47,12,-,-,-,-,-,-,-,-,-,-,50,-,-
FG2,-,VMI1,1,D,1,28424,28424,1,-,-,-,factor,2,-,-,-,-,FG,TEST_ProductGroupX_ProductFamily3,TEST_ProductGroupX,1-TEST,1,VMI1,0.00327,ProductFamily3,ProductGroupX,-,-,-,-,-,-,-,-,-,-,-,-,-,-,-,-,-,50,-,-
FG2,-,VMI2,1,D,1,28424,28424,1,-,-,-,factor,2,-,-,-,-,FG,TEST_ProductGroupX_ProductFamily3,TEST_ProductGroupX,1-TEST,1,VMI2,0.00327,ProductFamily3,ProductGroupX,-,-,-,-,-,-,-,-,-,-,-,-,-,-,-,-,-,50,-,-
FG2,-,FG-DC1,1,D,1,28424,28424,1,-,-,-,factor,2,-,-,-,-,FG,TEST_ProductGroupX_ProductFamily3,TEST_ProductGroupX,1-TEST,1,FG-DC1,0,ProductFamily3,ProductGroupX,-,-,-,-,-,-,-,-,-,-,-,-,-,-,-,-,-,50,-,-
FG2,-,FG-DC2,1,D,1,28424,28424,1,-,-,-,factor,2,-,-,-,-,FG,TEST_ProductGroupX_ProductFamily3,TEST_ProductGroupX,1-TEST,1,FG-DC1,0,ProductFamily3,ProductGroupX,-,-,-,-,-,-,-,-,-,-,-,-,-,-,-,-,-,50,-,-
FG2,-,FIN-ASSY,1,D,1,28424,28424,1,-,-,-,factor,2,-,-,-,-,FG,TEST_ProductGroupX_ProductFamily3,TEST_ProductGroupX,1-TEST,1,FG-DC1,0,ProductFamily3,ProductGroupX,-,-,-,-,-,-,-,-,-,-,-,-,-,-,-,-,-,50,-,-
TEST2,-,FIN-ASSY,1,D,1,28424,28424,1,-,-,-,factor,2,-,-,-,-,TEST,TEST_ProductGroupX_ProductFamily3,TEST_ProductGroupX,1-TEST,1,FG-DC1,0,ProductFamily3,ProductGroupX,-,-,-,-,-,-,-,-,-,-,-,-,-,-,-,-,-,50,-,-
TEST2,-,WTEST-M2,1,D,1,28424,28424,1,21,-,-,factor,2,-1,-,-,-,TEST,TEST_ProductGroupX_ProductFamily3,TEST_ProductGroupX,1-TEST,1,WTEST-M2,0,-,-,-,-,-,-,-,-,-,-,-,-,-,-,-,-,-,-,WTEST-M2,50,-,-
ASM2,-,WTEST-M2,1,D,1,28424,28424,1,-,-,-,factor,2,-1,-,-,-,ASSY,ASSY_FLIPCHIP_401FPBGA,ASSY_FLIPCHIP,2-ASSY,1,WTEST-M2,0,-,-,-,-,-,-,-,-,-,-,-,-,-,-,-,FLIPCHIP,401FPBGA,-,-,50,-,-
ASM2,-,ASSY-M2,1,D,1,28424,28424,1,21,-,-,factor,2,-1,-,-,-,ASSY,ASSY_FLIPCHIP_401FPBGA,ASSY_FLIPCHIP,2-ASSY,1,ASSY-M2,0,-,-,-,-,-,-,-,-,-,-,-,-,-,-,-,FLIPCHIP,401FPBGA,ASSY-M2,-,50,-,-
DIE2,-,ASSY-M2,1,D,1292,1292,1292,1292,-,-,-,factor,2,-1,-,-,-,DB,DB_ProductGroupX_ProductFamily3,DB_ProductGroupX,3-DB,1,DIE,0,-,-,-,-,-,-,-,-,-,-,-,-,-,-,-,-,-,-,-,50,-,-
PROBE2,-,ASSY-M2,1,D,25,25,25,25,-,-,-,factor,2,-,-,0,0,PROBE,PROBE_ProductGroupX_ProductFamily3,PROBE_ProductGroupX,4-PROBE,4000,PROBE,0,-,-,-,-,-,-,-,-,-,-,-,-,-,-,-,-,-,-,-,50,-,-
PROBE2,-,WPROB-M2,1,D,25,25,25,25,28,-,-,factor,2,-,-,0,0,PROBE,PROBE_ProductGroupX_ProductFamily3,PROBE_ProductGroupX,4-PROBE,4000,WPROB-M2,0,-,-,-,-,-,-,-,-,-,-,-,-,-,WPROB-M2,-,-,-,-,-,50,-,-
BUMP2,-,WPROB-M2,1,D,25,25,25,25,-,-,-,factor,2,-,-,0,0,BUMP,BUMP_ProductFamily3_LEADFREE,BUMP_ProductFamily3,5-BUMP,4000,WPROB-M2,0,-,-,-,-,-,-,-,-,-,-,-,-,-,-,-,-,-,-,-,50,-,-
BUMP2,-,WBUMP-M2,1,D,25,25,25,25,28,-,-,factor,2,-,-,0,0,BUMP,BUMP_ProductFamily3_LEADFREE,BUMP_ProductFamily3,5-BUMP,4000,WBUMP-M2,0,-,-,-,-,-,-,-,-,-,-,-,WBUMP-M2,LEADFREE,-,-,-,-,-,-,50,-,-
WAFER2,-,WBUMP-M2,1,D,25,25,25,25,-,-,-,factor,2,-,-,0,0,FAB,FAB_40LP,FAB_40LP,6-FAB,4000,FAB,0,-,-,-,-,-,-,-,-,-,-,-,-,-,-,-,-,-,-,-,50,-,-
WAFER2,-,FAB1,1,D,25,25,25,25,28,-,-,factor,2,-,-,-,0,FAB,FAB_40LP,FAB_40LP,6-FAB,4000,FAB1,0,-,-,-,-,FAB1,WAFER2,40LP,43,12,-,-,-,-,-,-,-,-,-,-,50,-,-
FG1a,-,FG-DC3,1,D,1,85000,85000,1,-,-,-,factor,2,-,-,-,-,FG,TEST_ProductGroupX_ProductFamilyB,TEST_ProductGroupX,1-TEST,1,FG-DC1,0,ProductFamilyB,ProductGroupX,-,-,-,-,-,-,-,-,-,-,-,-,-,-,-,-,-,50,-,-
FG1b,-,FG-DC3,1,D,1,25033,25033,1,-,-,-,factor,2,-,-,-,-,FG,TEST_ProductGroupX_ProductFamilyB,TEST_ProductGroupX,1-TEST,1,FG-DC1,0,ProductFamilyB,ProductGroupX,-,-,-,-,-,-,-,-,-,-,-,-,-,-,-,-,-,50,-,-
FG1c,-,FG-DC3,1,D,1,28424,28424,1,-,-,-,factor,2,-,-,-,-,FG,TEST_ProductGroupX_ProductFamily3,TEST_ProductGroupX,1-TEST,1,FG-DC1,0,ProductFamily3,ProductGroupX,-,-,-,-,-,-,-,-,-,-,-,-,-,-,-,-,-,50,-,-
WAFER1,-,FAB2,1,D,25,25,25,25,28,-,-,factor,2,-,-,-,0,FAB,FAB_65NM,FAB_65NM,6-FAB,3000,FAB1,0,-,-,-,-,FAB1,WAFER1,65NM,43,12,-,-,-,-,-,-,-,-,-,-,50,-,-
RAW,-,FAB2,0,D,500,500,500,500,-,-,-,factor,2,-,-,-,0,RAW,RAW,RAW,7-RAW,1,RAW,0,-,-,-,-,-,-,-,-,-,-,-,-,-,-,-,-,-,-,-,50,-,-
WAFER3,-,FAB2,1,D,25,25,25,25,28,-,-,factor,2,-,-,-,0,FAB,FAB_28HPM,FAB_28HPM,6-FAB,5000,FAB1,0,-,-,-,-,FAB1,WAFER3,28HPM,47,12,-,-,-,-,-,-,-,-,-,-,50,-,-
WAFER4,-,FAB2,1,D,25,25,25,25,28,-,-,factor,2,-,-,-,0,FAB,FAB_28HPM,FAB_28HPM,6-FAB,5000,FAB1,0,-,-,-,-,FAB1,WAFER4,28HPM,47,12,-,-,-,-,-,-,-,-,-,-,50,-,-
WAFER2,-,FAB2,1,D,25,25,25,25,28,-,-,factor,2,-,-,-,0,FAB,FAB_40LP,FAB_40LP,6-FAB,4000,FAB1,0,-,-,-,-,FAB1,WAFER2,40LP,43,12,-,-,-,-,-,-,-,-,-,-,50,-,-
