PRODUCT_ID,LOCATION,ROUTE_ID,PREFERENCE,COST,BOM_ID,BOG_ID,EFFECTIVE_START,EFFECTIVE_END,HIER_LEVEL_1,HIER_LEVEL,HIER_LEVEL_3,process_unit_cost,UDA_string_DMDSPEC,UDA_string_to_workorder_no_ASSY_LOC,UDA_string_to_workorder_no_FAB_LOC
260-0250,1000,ROUTE_OB,1,0,BOM_260-0250,-,-,-,HIER_LEVEL_1,HIER_LEVEL_2,HIER_LEVEL_3,1,-,-,-
260-0250,2000,ROUTE_OB,1,0,BOM_260-0250,-,-,-,HIER_LEVEL_1,HIER_LEVEL_2,HIER_LEVEL_3,1,-,-,-
260-0306,1000,ROUTE_OB,1,0,BOM_260-0306,-,-,-,HIER_LEVEL_1,HIER_LEVEL_2,HIER_LEVEL_3,1,-,-,-
260-0306,2000,ROUTE_OB,1,0,BOM_260-0306,-,-,-,HIER_LEVEL_1,HIER_LEVEL_2,HIER_LEVEL_3,1,-,-,-
260-0325,1000,ROUTE_OB,1,0,BOM_260-0325,-,-,-,HIER_LEVEL_1,HIER_LEVEL_2,HIER_LEVEL_3,1,-,-,-
260-0325,2000,ROUTE_OB,1,0,BOM_260-0325,-,-,-,HIER_LEVEL_1,HIER_LEVEL_2,HIER_LEVEL_3,1,-,-,-
260-0555,1000,ROUTE_OB,1,0,BOM_260-0555,-,-,-,HIER_LEVEL_1,HIER_LEVEL_2,HIER_LEVEL_3,1,-,-,-
260-0555,2000,ROUTE_OB,1,0,BOM_260-0555,-,-,-,HIER_LEVEL_1,HIER_LEVEL_2,HIER_LEVEL_3,1,-,-,-
280-1093-27,1000,ROUTE_TX COC,1,0,BOM_280-1093-27,-,-,-,HIER_LEVEL_1,HIER_LEVEL_2,HIER_LEVEL_3,1,-,-,-
280-1093-27,2000,ROUTE_TX COC,1,0,BOM_280-1093-27,-,-,-,HIER_LEVEL_1,HIER_LEVEL_2,HIER_LEVEL_3,1,-,-,-
280-1093-29,1000,ROUTE_TX COC,1,0,BOM_280-1093-29,-,-,-,HIER_LEVEL_1,HIER_LEVEL_2,HIER_LEVEL_3,1,-,-,-
VirtualProduct_280-2169_P1,1000,ROUTE_dummy,1,0,BOM_VirtualProduct_280-2169_P1,-,-,-,HIER_LEVEL_1,HIER_LEVEL_2,HIER_LEVEL_3,1,-,-,-
VirtualProduct_280-2169_P1,2000,ROUTE_dummy,1,0,BOM_VirtualProduct_280-2169_P1,-,-,-,HIER_LEVEL_1,HIER_LEVEL_2,HIER_LEVEL_3,1,-,-,-
VirtualProduct_280-2169_T1,1000,ROUTE_dummy,1,0,BOM_VirtualProduct_280-2169_T1,-,-,-,HIER_LEVEL_1,HIER_LEVEL_2,HIER_LEVEL_3,1,-,-,-
VirtualProduct_280-2169_T1,2000,ROUTE_dummy,1,0,BOM_VirtualProduct_280-2169_T1,-,-,-,HIER_LEVEL_1,HIER_LEVEL_2,HIER_LEVEL_3,1,-,-,-
VirtualProduct_280-2169_T2,1000,ROUTE_dummy,1,0,BOM_VirtualProduct_280-2169_T2,-,-,-,HIER_LEVEL_1,HIER_LEVEL_2,HIER_LEVEL_3,1,-,-,-
VirtualProduct_280-2169_T2,2000,ROUTE_dummy,1,0,BOM_VirtualProduct_280-2169_T2,-,-,-,HIER_LEVEL_1,HIER_LEVEL_2,HIER_LEVEL_3,1,-,-,-
280-1093-29,2000,ROUTE_TX COC,1,0,BOM_280-1093-29,-,-,-,HIER_LEVEL_1,HIER_LEVEL_2,HIER_LEVEL_3,1,-,-,-
280-1093-31,1000,ROUTE_TX COC,1,0,BOM_280-1093-31,-,-,-,HIER_LEVEL_1,HIER_LEVEL_2,HIER_LEVEL_3,1,-,-,-
280-1093-31,2000,ROUTE_TX COC,1,0,BOM_280-1093-31,-,-,-,HIER_LEVEL_1,HIER_LEVEL_2,HIER_LEVEL_3,1,-,-,-
280-1093-33,1000,ROUTE_TX COC,1,0,BOM_280-1093-33,-,-,-,HIER_LEVEL_1,HIER_LEVEL_2,HIER_LEVEL_3,1,-,-,-
280-1093-33,2000,ROUTE_TX COC,1,0,BOM_280-1093-33,-,-,-,HIER_LEVEL_1,HIER_LEVEL_2,HIER_LEVEL_3,1,-,-,-
280-1391,1000,ROUTE_Preform,1,0,BOM_280-1391,-,-,-,HIER_LEVEL_1,HIER_LEVEL_2,HIER_LEVEL_3,1,-,-,-
VirtualProduct_500-3264-007_A1,1000,ROUTE_dummy,1,0,BOM_VirtualProduct_500-3264-007_A1,-,-,-,HIER_LEVEL_1,HIER_LEVEL_2,HIER_LEVEL_3,1,-,-,-
VirtualProduct_500-3264-007_A1,2000,ROUTE_dummy,1,0,BOM_VirtualProduct_500-3264-007_A1,-,-,-,HIER_LEVEL_1,HIER_LEVEL_2,HIER_LEVEL_3,1,-,-,-
VirtualProduct_500-3264-010_A1,1000,ROUTE_dummy,1,0,BOM_VirtualProduct_500-3264-010_A1,-,-,-,HIER_LEVEL_1,HIER_LEVEL_2,HIER_LEVEL_3,1,-,-,-
VirtualProduct_500-3264-010_A1,2000,ROUTE_dummy,1,0,BOM_VirtualProduct_500-3264-010_A1,-,-,-,HIER_LEVEL_1,HIER_LEVEL_2,HIER_LEVEL_3,1,-,-,-
VirtualProduct_500-3264-020_A1,1000,ROUTE_dummy,1,0,BOM_VirtualProduct_500-3264-020_A1,-,-,-,HIER_LEVEL_1,HIER_LEVEL_2,HIER_LEVEL_3,1,-,-,-
280-1391,2000,ROUTE_Preform,1,0,BOM_280-1391,-,-,-,HIER_LEVEL_1,HIER_LEVEL_2,HIER_LEVEL_3,1,-,-,-
280-1392,1000,ROUTE_Preform,1,0,BOM_280-1392,-,-,-,HIER_LEVEL_1,HIER_LEVEL_2,HIER_LEVEL_3,1,-,-,-
280-1392,2000,ROUTE_Preform,1,0,BOM_280-1392,-,-,-,HIER_LEVEL_1,HIER_LEVEL_2,HIER_LEVEL_3,1,-,-,-
280-1464,1000,ROUTE_TX,1,0,BOM_280-1464,-,-,-,HIER_LEVEL_1,HIER_LEVEL_2,HIER_LEVEL_3,1,-,-,-
280-1464,2000,ROUTE_TX,1,0,BOM_280-1464,-,-,-,HIER_LEVEL_1,HIER_LEVEL_2,HIER_LEVEL_3,1,-,-,-
280-1465,1000,ROUTE_RX,1,0,BOM_280-1465,-,-,-,HIER_LEVEL_1,HIER_LEVEL_2,HIER_LEVEL_3,1,-,-,-
VirtualProduct_280-2169_T3,1000,ROUTE_dummy,1,0,BOM_VirtualProduct_280-2169_T3,-,-,-,HIER_LEVEL_1,HIER_LEVEL_2,HIER_LEVEL_3,1,-,-,-
280-1465,2000,ROUTE_RX,1,0,BOM_280-1465,-,-,-,HIER_LEVEL_1,HIER_LEVEL_2,HIER_LEVEL_3,1,-,-,-
VirtualProduct_280-2169_T3,2000,ROUTE_dummy,1,0,BOM_VirtualProduct_280-2169_T3,-,-,-,HIER_LEVEL_1,HIER_LEVEL_2,HIER_LEVEL_3,1,-,-,-
280-1480-27,1000,ROUTE_TX COC,1,0,BOM_280-1480-27,-,-,-,HIER_LEVEL_1,HIER_LEVEL_2,HIER_LEVEL_3,1,-,-,-
VirtualProduct_280-2169_T4,1000,ROUTE_dummy,1,0,BOM_VirtualProduct_280-2169_T4,-,-,-,HIER_LEVEL_1,HIER_LEVEL_2,HIER_LEVEL_3,1,-,-,-
VirtualProduct_280-2169_T4,2000,ROUTE_dummy,1,0,BOM_VirtualProduct_280-2169_T4,-,-,-,HIER_LEVEL_1,HIER_LEVEL_2,HIER_LEVEL_3,1,-,-,-
VirtualProduct_280-2169_T5,1000,ROUTE_dummy,1,0,BOM_VirtualProduct_280-2169_T5,-,-,-,HIER_LEVEL_1,HIER_LEVEL_2,HIER_LEVEL_3,1,-,-,-
VirtualProduct_280-2169_T5,2000,ROUTE_dummy,1,0,BOM_VirtualProduct_280-2169_T5,-,-,-,HIER_LEVEL_1,HIER_LEVEL_2,HIER_LEVEL_3,1,-,-,-
280-1480-27,2000,ROUTE_TX COC,1,0,BOM_280-1480-27,-,-,-,HIER_LEVEL_1,HIER_LEVEL_2,HIER_LEVEL_3,1,-,-,-
280-1480-29,1000,ROUTE_TX COC,1,0,BOM_280-1480-29,-,-,-,HIER_LEVEL_1,HIER_LEVEL_2,HIER_LEVEL_3,1,-,-,-
VirtualProduct_260-0250_A1,1000,ROUTE_dummy,1,0,BOM_VirtualProduct_260-0250_A1,-,-,-,HIER_LEVEL_1,HIER_LEVEL_2,HIER_LEVEL_3,1,-,-,-
VirtualProduct_260-0250_A1,2000,ROUTE_dummy,1,0,BOM_VirtualProduct_260-0250_A1,-,-,-,HIER_LEVEL_1,HIER_LEVEL_2,HIER_LEVEL_3,1,-,-,-
280-1480-29,2000,ROUTE_TX COC,1,0,BOM_280-1480-29,-,-,-,HIER_LEVEL_1,HIER_LEVEL_2,HIER_LEVEL_3,1,-,-,-
280-1480-31,1000,ROUTE_TX COC,1,0,BOM_280-1480-31,-,-,-,HIER_LEVEL_1,HIER_LEVEL_2,HIER_LEVEL_3,1,-,-,-
VirtualProduct_260-0306_A1,1000,ROUTE_dummy,1,0,BOM_VirtualProduct_260-0306_A1,-,-,-,HIER_LEVEL_1,HIER_LEVEL_2,HIER_LEVEL_3,1,-,-,-
VirtualProduct_260-0306_A1,2000,ROUTE_dummy,1,0,BOM_VirtualProduct_260-0306_A1,-,-,-,HIER_LEVEL_1,HIER_LEVEL_2,HIER_LEVEL_3,1,-,-,-
VirtualProduct_260-0325_A1,2000,ROUTE_dummy,1,0,BOM_VirtualProduct_260-0325_A1,-,-,-,HIER_LEVEL_1,HIER_LEVEL_2,HIER_LEVEL_3,1,-,-,-
280-1480-31,2000,ROUTE_TX COC,1,0,BOM_280-1480-31,-,-,-,HIER_LEVEL_1,HIER_LEVEL_2,HIER_LEVEL_3,1,-,-,-
VirtualProduct_260-0325_A1,1000,ROUTE_dummy,1,0,BOM_VirtualProduct_260-0325_A1,-,-,-,HIER_LEVEL_1,HIER_LEVEL_2,HIER_LEVEL_3,1,-,-,-
280-1480-33,1000,ROUTE_TX COC,1,0,BOM_280-1480-33,-,-,-,HIER_LEVEL_1,HIER_LEVEL_2,HIER_LEVEL_3,1,-,-,-
VirtualProduct_500-3432-003_A1,1000,ROUTE_dummy,1,0,BOM_VirtualProduct_500-3432-003_A1,-,-,-,HIER_LEVEL_1,HIER_LEVEL_2,HIER_LEVEL_3,1,-,-,-
VirtualProduct_500-3432-003_A1,2000,ROUTE_dummy,1,0,BOM_VirtualProduct_500-3432-003_A1,-,-,-,HIER_LEVEL_1,HIER_LEVEL_2,HIER_LEVEL_3,1,-,-,-
280-1480-33,2000,ROUTE_TX COC,1,0,BOM_280-1480-33,-,-,-,HIER_LEVEL_1,HIER_LEVEL_2,HIER_LEVEL_3,1,-,-,-
280-1593,1000,ROUTE_TX,1,0,BOM_280-1593,-,-,-,HIER_LEVEL_1,HIER_LEVEL_2,HIER_LEVEL_3,1,-,-,-
VirtualProduct_260-0555_A1,1000,ROUTE_dummy,1,0,BOM_VirtualProduct_260-0555_A1,-,-,-,HIER_LEVEL_1,HIER_LEVEL_2,HIER_LEVEL_3,1,-,-,-
VirtualProduct_260-0555_A1,2000,ROUTE_dummy,1,0,BOM_VirtualProduct_260-0555_A1,-,-,-,HIER_LEVEL_1,HIER_LEVEL_2,HIER_LEVEL_3,1,-,-,-
280-1593,2000,ROUTE_TX,1,0,BOM_280-1593,-,-,-,HIER_LEVEL_1,HIER_LEVEL_2,HIER_LEVEL_3,1,-,-,-
280-1594,1000,ROUTE_RX,1,0,BOM_280-1594,-,-,-,HIER_LEVEL_1,HIER_LEVEL_2,HIER_LEVEL_3,1,-,-,-
280-1594,2000,ROUTE_RX,1,0,BOM_280-1594,-,-,-,HIER_LEVEL_1,HIER_LEVEL_2,HIER_LEVEL_3,1,-,-,-
280-1595,1000,ROUTE_Preform,1,0,BOM_280-1595,-,-,-,HIER_LEVEL_1,HIER_LEVEL_2,HIER_LEVEL_3,1,-,-,-
280-1595,2000,ROUTE_Preform,1,0,BOM_280-1595,-,-,-,HIER_LEVEL_1,HIER_LEVEL_2,HIER_LEVEL_3,1,-,-,-
280-1638,1000,ROUTE_CB,1,0,BOM_280-1638,-,-,-,HIER_LEVEL_1,HIER_LEVEL_2,HIER_LEVEL_3,1,-,-,-
280-1638,2000,ROUTE_CB,1,0,BOM_280-1638,-,-,-,HIER_LEVEL_1,HIER_LEVEL_2,HIER_LEVEL_3,1,-,-,-
280-2019-CD,1000,ROUTE_Preform,1,0,BOM_280-2019-CD,-,-,-,HIER_LEVEL_1,HIER_LEVEL_2,HIER_LEVEL_3,1,-,-,-
280-2019-CD,2000,ROUTE_Preform,1,0,BOM_280-2019-CD,-,-,-,HIER_LEVEL_1,HIER_LEVEL_2,HIER_LEVEL_3,1,-,-,-
280-2169,1000,ROUTE_CB,1,0,BOM_280-2169,-,-,-,HIER_LEVEL_1,HIER_LEVEL_2,HIER_LEVEL_3,1,-,-,-
280-2169,2000,ROUTE_CB,1,0,BOM_280-2169,-,-,-,HIER_LEVEL_1,HIER_LEVEL_2,HIER_LEVEL_3,1,-,-,-
500-4956,1000,ROUTE_Module,1,0,BOM_500-4956,-,-,-,HIER_LEVEL_1,HIER_LEVEL_2,HIER_LEVEL_3,1,-,-,-
500-4956,2000,ROUTE_Module,1,0,BOM_500-4956,-,-,-,HIER_LEVEL_1,HIER_LEVEL_2,HIER_LEVEL_3,1,-,-,-
500-5550,1000,ROUTE_Module,1,0,BOM_500-5550,-,-,-,HIER_LEVEL_1,HIER_LEVEL_2,HIER_LEVEL_3,1,-,-,-
500-5550,2000,ROUTE_Module,1,0,BOM_500-5550,-,-,-,HIER_LEVEL_1,HIER_LEVEL_2,HIER_LEVEL_3,1,-,-,-
500-5595,1000,ROUTE_Module,1,0,BOM_500-5595,-,-,-,HIER_LEVEL_1,HIER_LEVEL_2,HIER_LEVEL_3,1,-,-,-
500-5595,2000,ROUTE_Module,1,0,BOM_500-5595,-,-,-,HIER_LEVEL_1,HIER_LEVEL_2,HIER_LEVEL_3,1,-,-,-
500-5596,1000,ROUTE_Module,1,0,BOM_500-5596,-,-,-,HIER_LEVEL_1,HIER_LEVEL_2,HIER_LEVEL_3,1,-,-,-
500-5596,2000,ROUTE_Module,1,0,BOM_500-5596,-,-,-,HIER_LEVEL_1,HIER_LEVEL_2,HIER_LEVEL_3,1,-,-,-
500-5773,1000,ROUTE_Module,1,0,BOM_500-5773,-,-,-,HIER_LEVEL_1,HIER_LEVEL_2,HIER_LEVEL_3,1,-,-,-
500-5773,2000,ROUTE_Module,1,0,BOM_500-5773,-,-,-,HIER_LEVEL_1,HIER_LEVEL_2,HIER_LEVEL_3,1,-,-,-
500-6204,1000,ROUTE_Module,1,0,BOM_500-6204,-,-,-,HIER_LEVEL_1,HIER_LEVEL_2,HIER_LEVEL_3,1,-,-,-
500-6204,2000,ROUTE_Module,1,0,BOM_500-6204,-,-,-,HIER_LEVEL_1,HIER_LEVEL_2,HIER_LEVEL_3,1,-,-,-
500-6285,1000,ROUTE_Module,1,0,BOM_500-6285,-,-,-,HIER_LEVEL_1,HIER_LEVEL_2,HIER_LEVEL_3,1,-,-,-
500-6285,2000,ROUTE_Module,1,0,BOM_500-6285,-,-,-,HIER_LEVEL_1,HIER_LEVEL_2,HIER_LEVEL_3,1,-,-,-
500-7041,1000,ROUTE_Module,1,0,BOM_500-7041,-,-,-,HIER_LEVEL_1,HIER_LEVEL_2,HIER_LEVEL_3,1,-,-,-
500-7041,2000,ROUTE_Module,1,0,BOM_500-7041,-,-,-,HIER_LEVEL_1,HIER_LEVEL_2,HIER_LEVEL_3,1,-,-,-
502-2304,1000,ROUTE_dummy,1,0,BOM_502-2304,-,-,-,HIER_LEVEL_1,HIER_LEVEL_2,HIER_LEVEL_3,1,-,-,-
502-2304,2000,ROUTE_dummy,1,0,BOM_502-2304,-,-,-,HIER_LEVEL_1,HIER_LEVEL_2,HIER_LEVEL_3,1,-,-,-
502-3207,1000,ROUTE_dummy,1,0,BOM_502-3207,-,-,-,HIER_LEVEL_1,HIER_LEVEL_2,HIER_LEVEL_3,1,-,-,-
502-3207,2000,ROUTE_dummy,1,0,BOM_502-3207,-,-,-,HIER_LEVEL_1,HIER_LEVEL_2,HIER_LEVEL_3,1,-,-,-
504-1728,SUB_PCBA,ROUTE_subcon,1,0,BOM_504-1728,-,-,-,HIER_LEVEL_1,HIER_LEVEL_2,HIER_LEVEL_3,1,-,-,-
504-1877,SUB_PCBA,ROUTE_subcon,1,0,BOM_504-1877,-,-,-,HIER_LEVEL_1,HIER_LEVEL_2,HIER_LEVEL_3,1,-,-,-
280-1243-20,1000,ROUTE_LENS,1,0,BOM_280-1243-20,-,-,-,HIER_LEVEL_1,HIER_LEVEL_2,HIER_LEVEL_3,1,-,-,-
280-1243-25,1000,ROUTE_LENS,1,0,BOM_280-1243-25,-,-,-,HIER_LEVEL_1,HIER_LEVEL_2,HIER_LEVEL_3,1,-,-,-
280-1243-35,1000,ROUTE_LENS,1,0,BOM_280-1243-35,-,-,-,HIER_LEVEL_1,HIER_LEVEL_2,HIER_LEVEL_3,1,-,-,-
VirtualProduct_500-3264-020_A1,2000,ROUTE_dummy,1,0,BOM_VirtualProduct_500-3264-020_A1,-,-,-,HIER_LEVEL_1,HIER_LEVEL_2,HIER_LEVEL_3,1,-,-,-
VirtualProduct_500-3265-007_A1,1000,ROUTE_dummy,1,0,BOM_VirtualProduct_500-3265-007_A1,-,-,-,HIER_LEVEL_1,HIER_LEVEL_2,HIER_LEVEL_3,1,-,-,-
VirtualProduct_500-3265-007_A1,2000,ROUTE_dummy,1,0,BOM_VirtualProduct_500-3265-007_A1,-,-,-,HIER_LEVEL_1,HIER_LEVEL_2,HIER_LEVEL_3,1,-,-,-
VirtualProduct_500-3265-010_A1,1000,ROUTE_dummy,1,0,BOM_VirtualProduct_500-3265-010_A1,-,-,-,HIER_LEVEL_1,HIER_LEVEL_2,HIER_LEVEL_3,1,-,-,-
VirtualProduct_500-3265-010_A1,2000,ROUTE_dummy,1,0,BOM_VirtualProduct_500-3265-010_A1,-,-,-,HIER_LEVEL_1,HIER_LEVEL_2,HIER_LEVEL_3,1,-,-,-
VirtualProduct_500-3265-020_A1,1000,ROUTE_dummy,1,0,BOM_VirtualProduct_500-3265-020_A1,-,-,-,HIER_LEVEL_1,HIER_LEVEL_2,HIER_LEVEL_3,1,-,-,-
VirtualProduct_500-3265-020_A1,2000,ROUTE_dummy,1,0,BOM_VirtualProduct_500-3265-020_A1,-,-,-,HIER_LEVEL_1,HIER_LEVEL_2,HIER_LEVEL_3,1,-,-,-
280-1243-35,2000,ROUTE_LENS,1,0,BOM_280-1243-35,-,-,-,HIER_LEVEL_1,HIER_LEVEL_2,HIER_LEVEL_3,1,-,-,-
280-1243-40,1000,ROUTE_LENS,1,0,BOM_280-1243-40,-,-,-,HIER_LEVEL_1,HIER_LEVEL_2,HIER_LEVEL_3,1,-,-,-
280-1243-40,2000,ROUTE_LENS,1,0,BOM_280-1243-40,-,-,-,HIER_LEVEL_1,HIER_LEVEL_2,HIER_LEVEL_3,1,-,-,-
280-1244-35,1000,ROUTE_LENS,1,0,BOM_280-1244-35,-,-,-,HIER_LEVEL_1,HIER_LEVEL_2,HIER_LEVEL_3,1,-,-,-
280-1244-35,2000,ROUTE_LENS,1,0,BOM_280-1244-35,-,-,-,HIER_LEVEL_1,HIER_LEVEL_2,HIER_LEVEL_3,1,-,-,-
280-1244-40,1000,ROUTE_LENS,1,0,BOM_280-1244-40,-,-,-,HIER_LEVEL_1,HIER_LEVEL_2,HIER_LEVEL_3,1,-,-,-
280-1244-40,2000,ROUTE_LENS,1,0,BOM_280-1244-40,-,-,-,HIER_LEVEL_1,HIER_LEVEL_2,HIER_LEVEL_3,1,-,-,-
286-0018-35,1000,ROUTE_LENS,1,0,BOM_286-0018-35,-,-,-,HIER_LEVEL_1,HIER_LEVEL_2,HIER_LEVEL_3,1,-,-,-
286-0018-35,SUB_PCBA,ROUTE_subcon,1,0,BOM_286-0018-35,-,-,-,HIER_LEVEL_1,HIER_LEVEL_2,HIER_LEVEL_3,1,-,-,-
286-0018-35,2000,ROUTE_LENS,1,0,BOM_286-0018-35,-,-,-,HIER_LEVEL_1,HIER_LEVEL_2,HIER_LEVEL_3,1,-,-,-
286-0057-20,1000,ROUTE_LENS,1,0,BOM_286-0057-20,-,-,-,HIER_LEVEL_1,HIER_LEVEL_2,HIER_LEVEL_3,1,-,-,-
286-0057-20,SUB_PCBA,ROUTE_subcon,1,0,BOM_286-0057-20,-,-,-,HIER_LEVEL_1,HIER_LEVEL_2,HIER_LEVEL_3,1,-,-,-
VirtualProduct_500-3830-010_A1,2000,ROUTE_dummy,1,0,BOM_VirtualProduct_500-3830-010_A1,-,-,-,HIER_LEVEL_1,HIER_LEVEL_2,HIER_LEVEL_3,1,-,-,-
286-0057-40,1000,ROUTE_LENS,1,0,BOM_286-0057-40,-,-,-,HIER_LEVEL_1,HIER_LEVEL_2,HIER_LEVEL_3,1,-,-,-
VirtualProduct_500-3830-010_A1,1000,ROUTE_dummy,1,0,BOM_VirtualProduct_500-3830-010_A1,-,-,-,HIER_LEVEL_1,HIER_LEVEL_2,HIER_LEVEL_3,1,-,-,-
286-0057-40,SUB_PCBA,ROUTE_subcon,1,0,BOM_286-0057-40,-,-,-,HIER_LEVEL_1,HIER_LEVEL_2,HIER_LEVEL_3,1,-,-,-
286-0057-40,2000,ROUTE_LENS,1,0,BOM_286-0057-40,-,-,-,HIER_LEVEL_1,HIER_LEVEL_2,HIER_LEVEL_3,1,-,-,-
500-3264-007,1000,ROUTE_Module,1,0,BOM_500-3264-007,-,-,-,HIER_LEVEL_1,HIER_LEVEL_2,HIER_LEVEL_3,1,-,-,-
500-3264-007,2000,ROUTE_Module,1,0,BOM_500-3264-007,-,-,-,HIER_LEVEL_1,HIER_LEVEL_2,HIER_LEVEL_3,1,-,-,-
500-3264-010,1000,ROUTE_Module,1,0,BOM_500-3264-010,-,-,-,HIER_LEVEL_1,HIER_LEVEL_2,HIER_LEVEL_3,1,-,-,-
500-3264-010,2000,ROUTE_Module,1,0,BOM_500-3264-010,-,-,-,HIER_LEVEL_1,HIER_LEVEL_2,HIER_LEVEL_3,1,-,-,-
500-3264-020,1000,ROUTE_Module,1,0,BOM_500-3264-020,-,-,-,HIER_LEVEL_1,HIER_LEVEL_2,HIER_LEVEL_3,1,-,-,-
500-3264-020,2000,ROUTE_Module,1,0,BOM_500-3264-020,-,-,-,HIER_LEVEL_1,HIER_LEVEL_2,HIER_LEVEL_3,1,-,-,-
500-3265-007,1000,ROUTE_Module,1,0,BOM_500-3265-007,-,-,-,HIER_LEVEL_1,HIER_LEVEL_2,HIER_LEVEL_3,1,-,-,-
500-3265-007,2000,ROUTE_Module,1,0,BOM_500-3265-007,-,-,-,HIER_LEVEL_1,HIER_LEVEL_2,HIER_LEVEL_3,1,-,-,-
500-3265-010,1000,ROUTE_Module,1,0,BOM_500-3265-010,-,-,-,HIER_LEVEL_1,HIER_LEVEL_2,HIER_LEVEL_3,1,-,-,-
500-3265-010,2000,ROUTE_Module,1,0,BOM_500-3265-010,-,-,-,HIER_LEVEL_1,HIER_LEVEL_2,HIER_LEVEL_3,1,-,-,-
500-3265-020,1000,ROUTE_Module,1,0,BOM_500-3265-020,-,-,-,HIER_LEVEL_1,HIER_LEVEL_2,HIER_LEVEL_3,1,-,-,-
500-3265-020,2000,ROUTE_Module,1,0,BOM_500-3265-020,-,-,-,HIER_LEVEL_1,HIER_LEVEL_2,HIER_LEVEL_3,1,-,-,-
500-3426-001,1000,ROUTE_Module,1,0,BOM_500-3426-001,-,-,-,HIER_LEVEL_1,HIER_LEVEL_2,HIER_LEVEL_3,1,-,-,-
500-3426-001,2000,ROUTE_Module,1,0,BOM_500-3426-001,-,-,-,HIER_LEVEL_1,HIER_LEVEL_2,HIER_LEVEL_3,1,-,-,-
500-3426-003,1000,ROUTE_Module,1,0,BOM_500-3426-003,-,-,-,HIER_LEVEL_1,HIER_LEVEL_2,HIER_LEVEL_3,1,-,-,-
500-3426-003,2000,ROUTE_Module,1,0,BOM_500-3426-003,-,-,-,HIER_LEVEL_1,HIER_LEVEL_2,HIER_LEVEL_3,1,-,-,-
500-3426-005,1000,ROUTE_Module,1,0,BOM_500-3426-005,-,-,-,HIER_LEVEL_1,HIER_LEVEL_2,HIER_LEVEL_3,1,-,-,-
500-3426-005,2000,ROUTE_Module,1,0,BOM_500-3426-005,-,-,-,HIER_LEVEL_1,HIER_LEVEL_2,HIER_LEVEL_3,1,-,-,-
500-3432-003,1000,ROUTE_Module,1,0,BOM_500-3432-003,-,-,-,HIER_LEVEL_1,HIER_LEVEL_2,HIER_LEVEL_3,1,-,-,-
500-3432-003,2000,ROUTE_Module,1,0,BOM_500-3432-003,-,-,-,HIER_LEVEL_1,HIER_LEVEL_2,HIER_LEVEL_3,1,-,-,-
500-3830-010,1000,ROUTE_Module,1,0,BOM_500-3830-010,-,-,-,HIER_LEVEL_1,HIER_LEVEL_2,HIER_LEVEL_3,1,-,-,-
500-3830-010,2000,ROUTE_Module,1,0,BOM_500-3830-010,-,-,-,HIER_LEVEL_1,HIER_LEVEL_2,HIER_LEVEL_3,1,-,-,-
500-4235-020,1000,ROUTE_Module,1,0,BOM_500-4235-020,-,-,-,HIER_LEVEL_1,HIER_LEVEL_2,HIER_LEVEL_3,1,-,-,-
502-1600-XXX,1000,ROUTE_dummy,1,0,BOM_502-1600-XXX,-,-,-,HIER_LEVEL_1,HIER_LEVEL_2,HIER_LEVEL_3,1,-,-,-
502-1600-XXX,2000,ROUTE_dummy,1,0,BOM_502-1600-XXX,-,-,-,HIER_LEVEL_1,HIER_LEVEL_2,HIER_LEVEL_3,1,-,-,-
502-1915-XXX,1000,ROUTE_dummy,1,0,BOM_502-1915-XXX,-,-,-,HIER_LEVEL_1,HIER_LEVEL_2,HIER_LEVEL_3,1,-,-,-
502-1915-XXX,2000,ROUTE_dummy,1,0,BOM_502-1915-XXX,-,-,-,HIER_LEVEL_1,HIER_LEVEL_2,HIER_LEVEL_3,1,-,-,-
502-1941-XXX,1000,ROUTE_dummy,1,0,BOM_502-1941-XXX,-,-,-,HIER_LEVEL_1,HIER_LEVEL_2,HIER_LEVEL_3,1,-,-,-
504-1354,SUB_PCBA,ROUTE_subcon,1,0,BOM_504-1354,-,-,-,HIER_LEVEL_1,HIER_LEVEL_2,HIER_LEVEL_3,1,-,-,-
504-1389,1000,ROUTE_OE,1,0,BOM_504-1389,-,-,-,HIER_LEVEL_1,HIER_LEVEL_2,HIER_LEVEL_3,1,-,-,-
504-1389,2000,ROUTE_OE,1,0,BOM_504-1389,-,-,-,HIER_LEVEL_1,HIER_LEVEL_2,HIER_LEVEL_3,1,-,-,-
504-1397,2000,ROUTE_OE,1,0,BOM_504-1397,-,-,-,HIER_LEVEL_1,HIER_LEVEL_2,HIER_LEVEL_3,1,-,-,-
504-1397,1000,ROUTE_OE,1,0,BOM_504-1397,-,-,-,HIER_LEVEL_1,HIER_LEVEL_2,HIER_LEVEL_3,1,-,-,-
504-1431,SUB_PCBA,ROUTE_subcon,1,0,BOM_504-1431,-,-,-,HIER_LEVEL_1,HIER_LEVEL_2,HIER_LEVEL_3,1,-,-,-
VirtualProduct_502-1600-XXX_D1,1000,ROUTE_dummy,1,0,BOM_VirtualProduct_502-1600-XXX_D1,-,-,-,HIER_LEVEL_1,HIER_LEVEL_2,HIER_LEVEL_3,1,-,-,-
VirtualProduct_502-1915-XXX_A1,1000,ROUTE_dummy,1,0,BOM_VirtualProduct_502-1915-XXX_A1,-,-,-,HIER_LEVEL_1,HIER_LEVEL_2,HIER_LEVEL_3,1,-,-,-
VirtualProduct_502-1915-XXX_D1,2000,ROUTE_dummy,1,0,BOM_VirtualProduct_502-1915-XXX_D1,-,-,-,HIER_LEVEL_1,HIER_LEVEL_2,HIER_LEVEL_3,1,-,-,-
VirtualProduct_502-1915-XXX_B1,1000,ROUTE_dummy,1,0,BOM_VirtualProduct_502-1915-XXX_B1,-,-,-,HIER_LEVEL_1,HIER_LEVEL_2,HIER_LEVEL_3,1,-,-,-
VirtualProduct_502-1915-XXX_B1,2000,ROUTE_dummy,1,0,BOM_VirtualProduct_502-1915-XXX_B1,-,-,-,HIER_LEVEL_1,HIER_LEVEL_2,HIER_LEVEL_3,1,-,-,-
VirtualProduct_502-1915-XXX_D1,1000,ROUTE_dummy,1,0,BOM_VirtualProduct_502-1915-XXX_D1,-,-,-,HIER_LEVEL_1,HIER_LEVEL_2,HIER_LEVEL_3,1,-,-,-
VirtualProduct_502-1915-XXX_A1,2000,ROUTE_dummy,1,0,BOM_VirtualProduct_502-1915-XXX_A1,-,-,-,HIER_LEVEL_1,HIER_LEVEL_2,HIER_LEVEL_3,1,-,-,-
VirtualProduct_502-1941-XXX_B1,1000,ROUTE_dummy,1,0,BOM_VirtualProduct_502-1941-XXX_B1,-,-,-,HIER_LEVEL_1,HIER_LEVEL_2,HIER_LEVEL_3,1,-,-,-
VirtualProduct_502-1941-XXX_A1,1000,ROUTE_dummy,1,0,BOM_VirtualProduct_502-1941-XXX_A1,-,-,-,HIER_LEVEL_1,HIER_LEVEL_2,HIER_LEVEL_3,1,-,-,-
VirtualProduct_504-1389_B1,1000,ROUTE_dummy,1,0,BOM_VirtualProduct_504-1389_B1,-,-,-,HIER_LEVEL_1,HIER_LEVEL_2,HIER_LEVEL_3,1,-,-,-
VirtualProduct_504-1389_A1,1000,ROUTE_dummy,1,0,BOM_VirtualProduct_504-1389_A1,-,-,-,HIER_LEVEL_1,HIER_LEVEL_2,HIER_LEVEL_3,1,-,-,-
VirtualProduct_504-1389_A1,2000,ROUTE_dummy,1,0,BOM_VirtualProduct_504-1389_A1,-,-,-,HIER_LEVEL_1,HIER_LEVEL_2,HIER_LEVEL_3,1,-,-,-
504-1568,1000,ROUTE_OE,1,0,BOM_504-1568,-,-,-,HIER_LEVEL_1,HIER_LEVEL_2,HIER_LEVEL_3,1,-,-,-
VirtualProduct_504-1389_D1,1000,ROUTE_dummy,1,0,BOM_VirtualProduct_504-1389_D1,-,-,-,HIER_LEVEL_1,HIER_LEVEL_2,HIER_LEVEL_3,1,-,-,-
VirtualProduct_504-1389_D1,2000,ROUTE_dummy,1,0,BOM_VirtualProduct_504-1389_D1,-,-,-,HIER_LEVEL_1,HIER_LEVEL_2,HIER_LEVEL_3,1,-,-,-
VirtualProduct_504-1389_E1,1000,ROUTE_dummy,1,0,BOM_VirtualProduct_504-1389_E1,-,-,-,HIER_LEVEL_1,HIER_LEVEL_2,HIER_LEVEL_3,1,-,-,-
VirtualProduct_504-1389_E1,2000,ROUTE_dummy,1,0,BOM_VirtualProduct_504-1389_E1,-,-,-,HIER_LEVEL_1,HIER_LEVEL_2,HIER_LEVEL_3,1,-,-,-
VirtualProduct_504-1389_B1,2000,ROUTE_dummy,1,0,BOM_VirtualProduct_504-1389_B1,-,-,-,HIER_LEVEL_1,HIER_LEVEL_2,HIER_LEVEL_3,1,-,-,-
VirtualProduct_504-1397_B1,2000,ROUTE_dummy,1,0,BOM_VirtualProduct_504-1397_B1,-,-,-,HIER_LEVEL_1,HIER_LEVEL_2,HIER_LEVEL_3,1,-,-,-
504-1568,2000,ROUTE_OE,1,0,BOM_504-1568,-,-,-,HIER_LEVEL_1,HIER_LEVEL_2,HIER_LEVEL_3,1,-,-,-
504-1569,1000,ROUTE_OE,1,0,BOM_504-1569,-,-,-,HIER_LEVEL_1,HIER_LEVEL_2,HIER_LEVEL_3,1,-,-,-
VirtualProduct_504-1568_E1,1000,ROUTE_dummy,1,0,BOM_VirtualProduct_504-1568_E1,-,-,-,HIER_LEVEL_1,HIER_LEVEL_2,HIER_LEVEL_3,1,-,-,-
VirtualProduct_504-1568_E1,2000,ROUTE_dummy,1,0,BOM_VirtualProduct_504-1568_E1,-,-,-,HIER_LEVEL_1,HIER_LEVEL_2,HIER_LEVEL_3,1,-,-,-
VirtualProduct_504-1568_B1,2000,ROUTE_dummy,1,0,BOM_VirtualProduct_504-1568_B1,-,-,-,HIER_LEVEL_1,HIER_LEVEL_2,HIER_LEVEL_3,1,-,-,-
VirtualProduct_504-1568_A1,2000,ROUTE_dummy,1,0,BOM_VirtualProduct_504-1568_A1,-,-,-,HIER_LEVEL_1,HIER_LEVEL_2,HIER_LEVEL_3,1,-,-,-
VirtualProduct_504-1569_B1,2000,ROUTE_dummy,1,0,BOM_VirtualProduct_504-1569_B1,-,-,-,HIER_LEVEL_1,HIER_LEVEL_2,HIER_LEVEL_3,1,-,-,-
VirtualProduct_504-1569_B1,1000,ROUTE_dummy,1,0,BOM_VirtualProduct_504-1569_B1,-,-,-,HIER_LEVEL_1,HIER_LEVEL_2,HIER_LEVEL_3,1,-,-,-
VirtualProduct_504-1569_A1,1000,ROUTE_dummy,1,0,BOM_VirtualProduct_504-1569_A1,-,-,-,HIER_LEVEL_1,HIER_LEVEL_2,HIER_LEVEL_3,1,-,-,-
VirtualProduct_504-1569_A1,2000,ROUTE_dummy,1,0,BOM_VirtualProduct_504-1569_A1,-,-,-,HIER_LEVEL_1,HIER_LEVEL_2,HIER_LEVEL_3,1,-,-,-
504-1569,2000,ROUTE_OE,1,0,BOM_504-1569,-,-,-,HIER_LEVEL_1,HIER_LEVEL_2,HIER_LEVEL_3,1,-,-,-
504-1595,1000,ROUTE_OE,1,0,BOM_504-1595,-,-,-,HIER_LEVEL_1,HIER_LEVEL_2,HIER_LEVEL_3,1,-,-,-
504-1694,SUB_PCBA,ROUTE_subcon,1,0,BOM_504-1694,-,-,-,HIER_LEVEL_1,HIER_LEVEL_2,HIER_LEVEL_3,1,-,-,-
VirtualProduct_504-1569_D1,1000,ROUTE_dummy,1,0,BOM_VirtualProduct_504-1569_D1,-,-,-,HIER_LEVEL_1,HIER_LEVEL_2,HIER_LEVEL_3,1,-,-,-
VirtualProduct_504-1569_D1,2000,ROUTE_dummy,1,0,BOM_VirtualProduct_504-1569_D1,-,-,-,HIER_LEVEL_1,HIER_LEVEL_2,HIER_LEVEL_3,1,-,-,-
VirtualProduct_504-1569_E1,1000,ROUTE_dummy,1,0,BOM_VirtualProduct_504-1569_E1,-,-,-,HIER_LEVEL_1,HIER_LEVEL_2,HIER_LEVEL_3,1,-,-,-
VirtualProduct_504-1694_C1,SUB_PCBA,ROUTE_dummy,1,0,BOM_VirtualProduct_504-1694_C1,-,-,-,HIER_LEVEL_1,HIER_LEVEL_2,HIER_LEVEL_3,1,-,-,-
VirtualProduct_504-1694_A1,SUB_PCBA,ROUTE_dummy,1,0,BOM_VirtualProduct_504-1694_A1,-,-,-,HIER_LEVEL_1,HIER_LEVEL_2,HIER_LEVEL_3,1,-,-,-
VirtualProduct_504-1718_C1,SUB_PCBA,ROUTE_dummy,1,0,BOM_VirtualProduct_504-1718_C1,-,-,-,HIER_LEVEL_1,HIER_LEVEL_2,HIER_LEVEL_3,1,-,-,-
504-1746,SUB_PCBA,ROUTE_subcon,1,0,BOM_504-1746,-,-,-,HIER_LEVEL_1,HIER_LEVEL_2,HIER_LEVEL_3,1,-,-,-
262-0016,1000,ROUTE_OE,1,0,BOM_262-0016,-,-,-,HIER_LEVEL_1,HIER_LEVEL_2,HIER_LEVEL_3,1,-,-,-
262-0016,2000,ROUTE_OE,1,0,BOM_262-0016,-,-,-,HIER_LEVEL_1,HIER_LEVEL_2,HIER_LEVEL_3,1,-,-,-
262-0018,1000,ROUTE_OE,1,0,BOM_262-0018,-,-,-,HIER_LEVEL_1,HIER_LEVEL_2,HIER_LEVEL_3,1,-,-,-
262-0018,2000,ROUTE_OE,1,0,BOM_262-0018,-,-,-,HIER_LEVEL_1,HIER_LEVEL_2,HIER_LEVEL_3,1,-,-,-
262-0054-CD,1000,ROUTE_OE,1,0,BOM_262-0054-CD,-,-,-,HIER_LEVEL_1,HIER_LEVEL_2,HIER_LEVEL_3,1,-,-,-
262-0054-CD,2000,ROUTE_OE,1,0,BOM_262-0054-CD,-,-,-,HIER_LEVEL_1,HIER_LEVEL_2,HIER_LEVEL_3,1,-,-,-
262-0100-CD,1000,ROUTE_OE,1,0,BOM_262-0100-CD,-,-,-,HIER_LEVEL_1,HIER_LEVEL_2,HIER_LEVEL_3,1,-,-,-
262-0100-CD,2000,ROUTE_OE,1,0,BOM_262-0100-CD,-,-,-,HIER_LEVEL_1,HIER_LEVEL_2,HIER_LEVEL_3,1,-,-,-
262-0101-CD,1000,ROUTE_OE,1,0,BOM_262-0101-CD,-,-,-,HIER_LEVEL_1,HIER_LEVEL_2,HIER_LEVEL_3,1,-,-,-
262-0101-CD,2000,ROUTE_OE,1,0,BOM_262-0101-CD,-,-,-,HIER_LEVEL_1,HIER_LEVEL_2,HIER_LEVEL_3,1,-,-,-
262-0127-CD,1000,ROUTE_OE,1,0,BOM_262-0127-CD,-,-,-,HIER_LEVEL_1,HIER_LEVEL_2,HIER_LEVEL_3,1,-,-,-
262-0127-CD,2000,ROUTE_OE,1,0,BOM_262-0127-CD,-,-,-,HIER_LEVEL_1,HIER_LEVEL_2,HIER_LEVEL_3,1,-,-,-
262-0128-CD,1000,ROUTE_OE,1,0,BOM_262-0128-CD,-,-,-,HIER_LEVEL_1,HIER_LEVEL_2,HIER_LEVEL_3,1,-,-,-
262-0128-CD,2000,ROUTE_OE,1,0,BOM_262-0128-CD,-,-,-,HIER_LEVEL_1,HIER_LEVEL_2,HIER_LEVEL_3,1,-,-,-
262-0137-CD,1000,ROUTE_OE,1,0,BOM_262-0137-CD,-,-,-,HIER_LEVEL_1,HIER_LEVEL_2,HIER_LEVEL_3,1,-,-,-
262-0137-CD,2000,ROUTE_OE,1,0,BOM_262-0137-CD,-,-,-,HIER_LEVEL_1,HIER_LEVEL_2,HIER_LEVEL_3,1,-,-,-
262-0163-CD,1000,ROUTE_OE,1,0,BOM_262-0163-CD,-,-,-,HIER_LEVEL_1,HIER_LEVEL_2,HIER_LEVEL_3,1,-,-,-
262-0163-CD,2000,ROUTE_OE,1,0,BOM_262-0163-CD,-,-,-,HIER_LEVEL_1,HIER_LEVEL_2,HIER_LEVEL_3,1,-,-,-
262-0164-CD,1000,ROUTE_OE,1,0,BOM_262-0164-CD,-,-,-,HIER_LEVEL_1,HIER_LEVEL_2,HIER_LEVEL_3,1,-,-,-
262-0164-CD,2000,ROUTE_OE,1,0,BOM_262-0164-CD,-,-,-,HIER_LEVEL_1,HIER_LEVEL_2,HIER_LEVEL_3,1,-,-,-
280-1428,1000,ROUTE_LENS,1,0,BOM_280-1428,-,-,-,HIER_LEVEL_1,HIER_LEVEL_2,HIER_LEVEL_3,1,-,-,-
VirtualProduct_262-0016_A1,1000,ROUTE_dummy,1,0,BOM_VirtualProduct_262-0016_A1,-,-,-,HIER_LEVEL_1,HIER_LEVEL_2,HIER_LEVEL_3,1,-,-,-
VirtualProduct_262-0016_A1,2000,ROUTE_dummy,1,0,BOM_VirtualProduct_262-0016_A1,-,-,-,HIER_LEVEL_1,HIER_LEVEL_2,HIER_LEVEL_3,1,-,-,-
VirtualProduct_262-0016_E1,1000,ROUTE_dummy,1,0,BOM_VirtualProduct_262-0016_E1,-,-,-,HIER_LEVEL_1,HIER_LEVEL_2,HIER_LEVEL_3,1,-,-,-
VirtualProduct_262-0016_E1,2000,ROUTE_dummy,1,0,BOM_VirtualProduct_262-0016_E1,-,-,-,HIER_LEVEL_1,HIER_LEVEL_2,HIER_LEVEL_3,1,-,-,-
VirtualProduct_262-0018_A1,1000,ROUTE_dummy,1,0,BOM_VirtualProduct_262-0018_A1,-,-,-,HIER_LEVEL_1,HIER_LEVEL_2,HIER_LEVEL_3,1,-,-,-
VirtualProduct_262-0018_A1,2000,ROUTE_dummy,1,0,BOM_VirtualProduct_262-0018_A1,-,-,-,HIER_LEVEL_1,HIER_LEVEL_2,HIER_LEVEL_3,1,-,-,-
VirtualProduct_262-0018_E1,1000,ROUTE_dummy,1,0,BOM_VirtualProduct_262-0018_E1,-,-,-,HIER_LEVEL_1,HIER_LEVEL_2,HIER_LEVEL_3,1,-,-,-
VirtualProduct_262-0018_E1,2000,ROUTE_dummy,1,0,BOM_VirtualProduct_262-0018_E1,-,-,-,HIER_LEVEL_1,HIER_LEVEL_2,HIER_LEVEL_3,1,-,-,-
VirtualProduct_262-0054-CD_E1,1000,ROUTE_dummy,1,0,BOM_VirtualProduct_262-0054-CD_E1,-,-,-,HIER_LEVEL_1,HIER_LEVEL_2,HIER_LEVEL_3,1,-,-,-
VirtualProduct_262-0054-CD_E1,2000,ROUTE_dummy,1,0,BOM_VirtualProduct_262-0054-CD_E1,-,-,-,HIER_LEVEL_1,HIER_LEVEL_2,HIER_LEVEL_3,1,-,-,-
VirtualProduct_262-0100-CD_A1,1000,ROUTE_dummy,1,0,BOM_VirtualProduct_262-0100-CD_A1,-,-,-,HIER_LEVEL_1,HIER_LEVEL_2,HIER_LEVEL_3,1,-,-,-
VirtualProduct_262-0100-CD_E1,1000,ROUTE_dummy,1,0,BOM_VirtualProduct_262-0100-CD_E1,-,-,-,HIER_LEVEL_1,HIER_LEVEL_2,HIER_LEVEL_3,1,-,-,-
VirtualProduct_262-0100-CD_E1,2000,ROUTE_dummy,1,0,BOM_VirtualProduct_262-0100-CD_E1,-,-,-,HIER_LEVEL_1,HIER_LEVEL_2,HIER_LEVEL_3,1,-,-,-
VirtualProduct_262-0100-CD_A1,2000,ROUTE_dummy,1,0,BOM_VirtualProduct_262-0100-CD_A1,-,-,-,HIER_LEVEL_1,HIER_LEVEL_2,HIER_LEVEL_3,1,-,-,-
VirtualProduct_262-0101-CD_E1,2000,ROUTE_dummy,1,0,BOM_VirtualProduct_262-0101-CD_E1,-,-,-,HIER_LEVEL_1,HIER_LEVEL_2,HIER_LEVEL_3,1,-,-,-
VirtualProduct_262-0101-CD_E1,1000,ROUTE_dummy,1,0,BOM_VirtualProduct_262-0101-CD_E1,-,-,-,HIER_LEVEL_1,HIER_LEVEL_2,HIER_LEVEL_3,1,-,-,-
VirtualProduct_262-0101-CD_A1,1000,ROUTE_dummy,1,0,BOM_VirtualProduct_262-0101-CD_A1,-,-,-,HIER_LEVEL_1,HIER_LEVEL_2,HIER_LEVEL_3,1,-,-,-
VirtualProduct_262-0101-CD_A1,2000,ROUTE_dummy,1,0,BOM_VirtualProduct_262-0101-CD_A1,-,-,-,HIER_LEVEL_1,HIER_LEVEL_2,HIER_LEVEL_3,1,-,-,-
VirtualProduct_262-0127-CD_E1,1000,ROUTE_dummy,1,0,BOM_VirtualProduct_262-0127-CD_E1,-,-,-,HIER_LEVEL_1,HIER_LEVEL_2,HIER_LEVEL_3,1,-,-,-
VirtualProduct_262-0127-CD_E1,2000,ROUTE_dummy,1,0,BOM_VirtualProduct_262-0127-CD_E1,-,-,-,HIER_LEVEL_1,HIER_LEVEL_2,HIER_LEVEL_3,1,-,-,-
VirtualProduct_262-0127-CD_A1,2000,ROUTE_dummy,1,0,BOM_VirtualProduct_262-0127-CD_A1,-,-,-,HIER_LEVEL_1,HIER_LEVEL_2,HIER_LEVEL_3,1,-,-,-
VirtualProduct_262-0127-CD_A1,1000,ROUTE_dummy,1,0,BOM_VirtualProduct_262-0127-CD_A1,-,-,-,HIER_LEVEL_1,HIER_LEVEL_2,HIER_LEVEL_3,1,-,-,-
VirtualProduct_262-0128-CD_E1,1000,ROUTE_dummy,1,0,BOM_VirtualProduct_262-0128-CD_E1,-,-,-,HIER_LEVEL_1,HIER_LEVEL_2,HIER_LEVEL_3,1,-,-,-
VirtualProduct_262-0128-CD_E1,2000,ROUTE_dummy,1,0,BOM_VirtualProduct_262-0128-CD_E1,-,-,-,HIER_LEVEL_1,HIER_LEVEL_2,HIER_LEVEL_3,1,-,-,-
VirtualProduct_262-0128-CD_A1,2000,ROUTE_dummy,1,0,BOM_VirtualProduct_262-0128-CD_A1,-,-,-,HIER_LEVEL_1,HIER_LEVEL_2,HIER_LEVEL_3,1,-,-,-
VirtualProduct_262-0128-CD_A1,1000,ROUTE_dummy,1,0,BOM_VirtualProduct_262-0128-CD_A1,-,-,-,HIER_LEVEL_1,HIER_LEVEL_2,HIER_LEVEL_3,1,-,-,-
VirtualProduct_262-0137-CD_E1,1000,ROUTE_dummy,1,0,BOM_VirtualProduct_262-0137-CD_E1,-,-,-,HIER_LEVEL_1,HIER_LEVEL_2,HIER_LEVEL_3,1,-,-,-
VirtualProduct_262-0137-CD_E1,2000,ROUTE_dummy,1,0,BOM_VirtualProduct_262-0137-CD_E1,-,-,-,HIER_LEVEL_1,HIER_LEVEL_2,HIER_LEVEL_3,1,-,-,-
VirtualProduct_262-0137-CD_A1,2000,ROUTE_dummy,1,0,BOM_VirtualProduct_262-0137-CD_A1,-,-,-,HIER_LEVEL_1,HIER_LEVEL_2,HIER_LEVEL_3,1,-,-,-
VirtualProduct_262-0137-CD_A1,1000,ROUTE_dummy,1,0,BOM_VirtualProduct_262-0137-CD_A1,-,-,-,HIER_LEVEL_1,HIER_LEVEL_2,HIER_LEVEL_3,1,-,-,-
VirtualProduct_262-0163-CD_B1,1000,ROUTE_dummy,1,0,BOM_VirtualProduct_262-0163-CD_B1,-,-,-,HIER_LEVEL_1,HIER_LEVEL_2,HIER_LEVEL_3,1,-,-,-
VirtualProduct_262-0163-CD_B1,2000,ROUTE_dummy,1,0,BOM_VirtualProduct_262-0163-CD_B1,-,-,-,HIER_LEVEL_1,HIER_LEVEL_2,HIER_LEVEL_3,1,-,-,-
VirtualProduct_262-0163-CD_C1,1000,ROUTE_dummy,1,0,BOM_VirtualProduct_262-0163-CD_C1,-,-,-,HIER_LEVEL_1,HIER_LEVEL_2,HIER_LEVEL_3,1,-,-,-
VirtualProduct_262-0163-CD_C1,2000,ROUTE_dummy,1,0,BOM_VirtualProduct_262-0163-CD_C1,-,-,-,HIER_LEVEL_1,HIER_LEVEL_2,HIER_LEVEL_3,1,-,-,-
VirtualProduct_262-0164-CD_E1,1000,ROUTE_dummy,1,0,BOM_VirtualProduct_262-0164-CD_E1,-,-,-,HIER_LEVEL_1,HIER_LEVEL_2,HIER_LEVEL_3,1,-,-,-
VirtualProduct_262-0164-CD_E1,2000,ROUTE_dummy,1,0,BOM_VirtualProduct_262-0164-CD_E1,-,-,-,HIER_LEVEL_1,HIER_LEVEL_2,HIER_LEVEL_3,1,-,-,-
VirtualProduct_280-1475_C1,2000,ROUTE_dummy,1,0,BOM_VirtualProduct_280-1475_C1,-,-,-,HIER_LEVEL_1,HIER_LEVEL_2,HIER_LEVEL_3,1,-,-,-
VirtualProduct_280-1475_A1,2000,ROUTE_dummy,1,0,BOM_VirtualProduct_280-1475_A1,-,-,-,HIER_LEVEL_1,HIER_LEVEL_2,HIER_LEVEL_3,1,-,-,-
280-1428,2000,ROUTE_LENS,1,0,BOM_280-1428,-,-,-,HIER_LEVEL_1,HIER_LEVEL_2,HIER_LEVEL_3,1,-,-,-
280-1475,1000,ROUTE_LENS,1,0,BOM_280-1475,-,-,-,HIER_LEVEL_1,HIER_LEVEL_2,HIER_LEVEL_3,1,-,-,-
VirtualProduct_280-1428_C1,1000,ROUTE_dummy,1,0,BOM_VirtualProduct_280-1428_C1,-,-,-,HIER_LEVEL_1,HIER_LEVEL_2,HIER_LEVEL_3,1,-,-,-
VirtualProduct_280-1428_C1,2000,ROUTE_dummy,1,0,BOM_VirtualProduct_280-1428_C1,-,-,-,HIER_LEVEL_1,HIER_LEVEL_2,HIER_LEVEL_3,1,-,-,-
VirtualProduct_280-1428_A1,2000,ROUTE_dummy,1,0,BOM_VirtualProduct_280-1428_A1,-,-,-,HIER_LEVEL_1,HIER_LEVEL_2,HIER_LEVEL_3,1,-,-,-
VirtualProduct_280-1475_A1,1000,ROUTE_dummy,1,0,BOM_VirtualProduct_280-1475_A1,-,-,-,HIER_LEVEL_1,HIER_LEVEL_2,HIER_LEVEL_3,1,-,-,-
VirtualProduct_280-1475_C1,1000,ROUTE_dummy,1,0,BOM_VirtualProduct_280-1475_C1,-,-,-,HIER_LEVEL_1,HIER_LEVEL_2,HIER_LEVEL_3,1,-,-,-
VirtualProduct_280-1428_A1,1000,ROUTE_dummy,1,0,BOM_VirtualProduct_280-1428_A1,-,-,-,HIER_LEVEL_1,HIER_LEVEL_2,HIER_LEVEL_3,1,-,-,-
VirtualProduct_280-1243-20_A1,1000,ROUTE_dummy,1,0,BOM_VirtualProduct_280-1243-20_A1,-,-,-,HIER_LEVEL_1,HIER_LEVEL_2,HIER_LEVEL_3,1,-,-,-
VirtualProduct_280-1243-20_B1,1000,ROUTE_dummy,1,0,BOM_VirtualProduct_280-1243-20_B1,-,-,-,HIER_LEVEL_1,HIER_LEVEL_2,HIER_LEVEL_3,1,-,-,-
VirtualProduct_280-1243-25_A1,1000,ROUTE_dummy,1,0,BOM_VirtualProduct_280-1243-25_A1,-,-,-,HIER_LEVEL_1,HIER_LEVEL_2,HIER_LEVEL_3,1,-,-,-
280-1475,2000,ROUTE_LENS,1,0,BOM_280-1475,-,-,-,HIER_LEVEL_1,HIER_LEVEL_2,HIER_LEVEL_3,1,-,-,-
280-1973-CD,1000,ROUTE_LENS,1,0,BOM_280-1973-CD,-,-,-,HIER_LEVEL_1,HIER_LEVEL_2,HIER_LEVEL_3,1,-,-,-
280-1973-CD,2000,ROUTE_LENS,1,0,BOM_280-1973-CD,-,-,-,HIER_LEVEL_1,HIER_LEVEL_2,HIER_LEVEL_3,1,-,-,-
284-0085-20,1000,ROUTE_LENS,1,0,BOM_284-0085-20,-,-,-,HIER_LEVEL_1,HIER_LEVEL_2,HIER_LEVEL_3,1,-,-,-
284-0085-20,SUB_PCBA,ROUTE_subcon,1,0,BOM_284-0085-20,-,-,-,HIER_LEVEL_1,HIER_LEVEL_2,HIER_LEVEL_3,1,-,-,-
284-0085-20,2000,ROUTE_LENS,1,0,BOM_284-0085-20,-,-,-,HIER_LEVEL_1,HIER_LEVEL_2,HIER_LEVEL_3,1,-,-,-
VirtualProduct_502-1600-XXX_A1,1000,ROUTE_dummy,1,0,BOM_VirtualProduct_502-1600-XXX_A1,-,-,-,HIER_LEVEL_1,HIER_LEVEL_2,HIER_LEVEL_3,1,-,-,-
VirtualProduct_502-1600-XXX_A1,2000,ROUTE_dummy,1,0,BOM_VirtualProduct_502-1600-XXX_A1,-,-,-,HIER_LEVEL_1,HIER_LEVEL_2,HIER_LEVEL_3,1,-,-,-
VirtualProduct_502-1600-XXX_D1,2000,ROUTE_dummy,1,0,BOM_VirtualProduct_502-1600-XXX_D1,-,-,-,HIER_LEVEL_1,HIER_LEVEL_2,HIER_LEVEL_3,1,-,-,-
VirtualProduct_502-1600-XXX_B1,1000,ROUTE_dummy,1,0,BOM_VirtualProduct_502-1600-XXX_B1,-,-,-,HIER_LEVEL_1,HIER_LEVEL_2,HIER_LEVEL_3,1,-,-,-
VirtualProduct_502-1600-XXX_B1,2000,ROUTE_dummy,1,0,BOM_VirtualProduct_502-1600-XXX_B1,-,-,-,HIER_LEVEL_1,HIER_LEVEL_2,HIER_LEVEL_3,1,-,-,-
VirtualProduct_504-1397_B1,1000,ROUTE_dummy,1,0,BOM_VirtualProduct_504-1397_B1,-,-,-,HIER_LEVEL_1,HIER_LEVEL_2,HIER_LEVEL_3,1,-,-,-
VirtualProduct_504-1397_A1,1000,ROUTE_dummy,1,0,BOM_VirtualProduct_504-1397_A1,-,-,-,HIER_LEVEL_1,HIER_LEVEL_2,HIER_LEVEL_3,1,-,-,-
VirtualProduct_504-1397_A1,2000,ROUTE_dummy,1,0,BOM_VirtualProduct_504-1397_A1,-,-,-,HIER_LEVEL_1,HIER_LEVEL_2,HIER_LEVEL_3,1,-,-,-
VirtualProduct_504-1397_D1,1000,ROUTE_dummy,1,0,BOM_VirtualProduct_504-1397_D1,-,-,-,HIER_LEVEL_1,HIER_LEVEL_2,HIER_LEVEL_3,1,-,-,-
VirtualProduct_504-1397_D1,2000,ROUTE_dummy,1,0,BOM_VirtualProduct_504-1397_D1,-,-,-,HIER_LEVEL_1,HIER_LEVEL_2,HIER_LEVEL_3,1,-,-,-
VirtualProduct_504-1397_E1,2000,ROUTE_dummy,1,0,BOM_VirtualProduct_504-1397_E1,-,-,-,HIER_LEVEL_1,HIER_LEVEL_2,HIER_LEVEL_3,1,-,-,-
VirtualProduct_504-1397_E1,1000,ROUTE_dummy,1,0,BOM_VirtualProduct_504-1397_E1,-,-,-,HIER_LEVEL_1,HIER_LEVEL_2,HIER_LEVEL_3,1,-,-,-
VirtualProduct_504-1568_A1,1000,ROUTE_dummy,1,0,BOM_VirtualProduct_504-1568_A1,-,-,-,HIER_LEVEL_1,HIER_LEVEL_2,HIER_LEVEL_3,1,-,-,-
VirtualProduct_504-1568_B1,1000,ROUTE_dummy,1,0,BOM_VirtualProduct_504-1568_B1,-,-,-,HIER_LEVEL_1,HIER_LEVEL_2,HIER_LEVEL_3,1,-,-,-
VirtualProduct_504-1568_D1,1000,ROUTE_dummy,1,0,BOM_VirtualProduct_504-1568_D1,-,-,-,HIER_LEVEL_1,HIER_LEVEL_2,HIER_LEVEL_3,1,-,-,-
VirtualProduct_504-1568_D1,2000,ROUTE_dummy,1,0,BOM_VirtualProduct_504-1568_D1,-,-,-,HIER_LEVEL_1,HIER_LEVEL_2,HIER_LEVEL_3,1,-,-,-
286-0057-20,2000,ROUTE_LENS,1,0,BOM_286-0057-20,-,-,-,HIER_LEVEL_1,HIER_LEVEL_2,HIER_LEVEL_3,1,-,-,-
500-4925,1000,ROUTE_Module,1,0,BOM_500-4925,-,-,-,HIER_LEVEL_1,HIER_LEVEL_2,HIER_LEVEL_3,1,-,-,-
500-4925,2000,ROUTE_Module,1,0,BOM_500-4925,-,-,-,HIER_LEVEL_1,HIER_LEVEL_2,HIER_LEVEL_3,1,-,-,-
500-4954,1000,ROUTE_Module,1,0,BOM_500-4954,-,-,-,HIER_LEVEL_1,HIER_LEVEL_2,HIER_LEVEL_3,1,-,-,-
500-4954,2000,ROUTE_Module,1,0,BOM_500-4954,-,-,-,HIER_LEVEL_1,HIER_LEVEL_2,HIER_LEVEL_3,1,-,-,-
500-4955,1000,ROUTE_Module,1,0,BOM_500-4955,-,-,-,HIER_LEVEL_1,HIER_LEVEL_2,HIER_LEVEL_3,1,-,-,-
500-4955,2000,ROUTE_Module,1,0,BOM_500-4955,-,-,-,HIER_LEVEL_1,HIER_LEVEL_2,HIER_LEVEL_3,1,-,-,-
500-5384,1000,ROUTE_Module,1,0,BOM_500-5384,-,-,-,HIER_LEVEL_1,HIER_LEVEL_2,HIER_LEVEL_3,1,-,-,-
500-5384,2000,ROUTE_Module,1,0,BOM_500-5384,-,-,-,HIER_LEVEL_1,HIER_LEVEL_2,HIER_LEVEL_3,1,-,-,-
500-5392,1000,ROUTE_Module,1,0,BOM_500-5392,-,-,-,HIER_LEVEL_1,HIER_LEVEL_2,HIER_LEVEL_3,1,-,-,-
500-5392,2000,ROUTE_Module,1,0,BOM_500-5392,-,-,-,HIER_LEVEL_1,HIER_LEVEL_2,HIER_LEVEL_3,1,-,-,-
500-5481,1000,ROUTE_Module,1,0,BOM_500-5481,-,-,-,HIER_LEVEL_1,HIER_LEVEL_2,HIER_LEVEL_3,1,-,-,-
500-5481,2000,ROUTE_Module,1,0,BOM_500-5481,-,-,-,HIER_LEVEL_1,HIER_LEVEL_2,HIER_LEVEL_3,1,-,-,-
500-5522,1000,ROUTE_Module,1,0,BOM_500-5522,-,-,-,HIER_LEVEL_1,HIER_LEVEL_2,HIER_LEVEL_3,1,-,-,-
500-5522,2000,ROUTE_Module,1,0,BOM_500-5522,-,-,-,HIER_LEVEL_1,HIER_LEVEL_2,HIER_LEVEL_3,1,-,-,-
500-5594,1000,ROUTE_Module,1,0,BOM_500-5594,-,-,-,HIER_LEVEL_1,HIER_LEVEL_2,HIER_LEVEL_3,1,-,-,-
500-5594,2000,ROUTE_Module,1,0,BOM_500-5594,-,-,-,HIER_LEVEL_1,HIER_LEVEL_2,HIER_LEVEL_3,1,-,-,-
500-5601,1000,ROUTE_Module,1,0,BOM_500-5601,-,-,-,HIER_LEVEL_1,HIER_LEVEL_2,HIER_LEVEL_3,1,-,-,-
500-5601,2000,ROUTE_Module,1,0,BOM_500-5601,-,-,-,HIER_LEVEL_1,HIER_LEVEL_2,HIER_LEVEL_3,1,-,-,-
500-5702,1000,ROUTE_Module,1,0,BOM_500-5702,-,-,-,HIER_LEVEL_1,HIER_LEVEL_2,HIER_LEVEL_3,1,-,-,-
500-5702,2000,ROUTE_Module,1,0,BOM_500-5702,-,-,-,HIER_LEVEL_1,HIER_LEVEL_2,HIER_LEVEL_3,1,-,-,-
500-5818,1000,ROUTE_Module,1,0,BOM_500-5818,-,-,-,HIER_LEVEL_1,HIER_LEVEL_2,HIER_LEVEL_3,1,-,-,-
VirtualProduct_502-2304_B1,1000,ROUTE_dummy,1,0,BOM_VirtualProduct_502-2304_B1,-,-,-,HIER_LEVEL_1,HIER_LEVEL_2,HIER_LEVEL_3,1,-,-,-
500-5818,2000,ROUTE_Module,1,0,BOM_500-5818,-,-,-,HIER_LEVEL_1,HIER_LEVEL_2,HIER_LEVEL_3,1,-,-,-
500-5988,1000,ROUTE_Module,1,0,BOM_500-5988,-,-,-,HIER_LEVEL_1,HIER_LEVEL_2,HIER_LEVEL_3,1,-,-,-
VirtualProduct_502-2304_B1,2000,ROUTE_dummy,1,0,BOM_VirtualProduct_502-2304_B1,-,-,-,HIER_LEVEL_1,HIER_LEVEL_2,HIER_LEVEL_3,1,-,-,-
VirtualProduct_502-3207_A1,1000,ROUTE_dummy,1,0,BOM_VirtualProduct_502-3207_A1,-,-,-,HIER_LEVEL_1,HIER_LEVEL_2,HIER_LEVEL_3,1,-,-,-
500-5988,2000,ROUTE_Module,1,0,BOM_500-5988,-,-,-,HIER_LEVEL_1,HIER_LEVEL_2,HIER_LEVEL_3,1,-,-,-
500-5989,1000,ROUTE_Module,1,0,BOM_500-5989,-,-,-,HIER_LEVEL_1,HIER_LEVEL_2,HIER_LEVEL_3,1,-,-,-
VirtualProduct_502-3207_A1,2000,ROUTE_dummy,1,0,BOM_VirtualProduct_502-3207_A1,-,-,-,HIER_LEVEL_1,HIER_LEVEL_2,HIER_LEVEL_3,1,-,-,-
500-5989,2000,ROUTE_Module,1,0,BOM_500-5989,-,-,-,HIER_LEVEL_1,HIER_LEVEL_2,HIER_LEVEL_3,1,-,-,-
500-5990,1000,ROUTE_Module,1,0,BOM_500-5990,-,-,-,HIER_LEVEL_1,HIER_LEVEL_2,HIER_LEVEL_3,1,-,-,-
500-5990,2000,ROUTE_Module,1,0,BOM_500-5990,-,-,-,HIER_LEVEL_1,HIER_LEVEL_2,HIER_LEVEL_3,1,-,-,-
500-6059,1000,ROUTE_Module,1,0,BOM_500-6059,-,-,-,HIER_LEVEL_1,HIER_LEVEL_2,HIER_LEVEL_3,1,-,-,-
VirtualProduct_280-1243-25_B1,1000,ROUTE_dummy,1,0,BOM_VirtualProduct_280-1243-25_B1,-,-,-,HIER_LEVEL_1,HIER_LEVEL_2,HIER_LEVEL_3,1,-,-,-
500-6059,2000,ROUTE_Module,1,0,BOM_500-6059,-,-,-,HIER_LEVEL_1,HIER_LEVEL_2,HIER_LEVEL_3,1,-,-,-
VirtualProduct_280-1243-35_A1,1000,ROUTE_dummy,1,0,BOM_VirtualProduct_280-1243-35_A1,-,-,-,HIER_LEVEL_1,HIER_LEVEL_2,HIER_LEVEL_3,1,-,-,-
500-6336,1000,ROUTE_Module,1,0,BOM_500-6336,-,-,-,HIER_LEVEL_1,HIER_LEVEL_2,HIER_LEVEL_3,1,-,-,-
VirtualProduct_280-1243-35_A1,2000,ROUTE_dummy,1,0,BOM_VirtualProduct_280-1243-35_A1,-,-,-,HIER_LEVEL_1,HIER_LEVEL_2,HIER_LEVEL_3,1,-,-,-
VirtualProduct_280-1243-35_B1,1000,ROUTE_dummy,1,0,BOM_VirtualProduct_280-1243-35_B1,-,-,-,HIER_LEVEL_1,HIER_LEVEL_2,HIER_LEVEL_3,1,-,-,-
500-6336,2000,ROUTE_Module,1,0,BOM_500-6336,-,-,-,HIER_LEVEL_1,HIER_LEVEL_2,HIER_LEVEL_3,1,-,-,-
VirtualProduct_280-1243-35_B1,2000,ROUTE_dummy,1,0,BOM_VirtualProduct_280-1243-35_B1,-,-,-,HIER_LEVEL_1,HIER_LEVEL_2,HIER_LEVEL_3,1,-,-,-
500-6496,1000,ROUTE_Module,1,0,BOM_500-6496,-,-,-,HIER_LEVEL_1,HIER_LEVEL_2,HIER_LEVEL_3,1,-,-,-
VirtualProduct_280-1243-40_A1,1000,ROUTE_dummy,1,0,BOM_VirtualProduct_280-1243-40_A1,-,-,-,HIER_LEVEL_1,HIER_LEVEL_2,HIER_LEVEL_3,1,-,-,-
VirtualProduct_280-1243-40_B1,1000,ROUTE_dummy,1,0,BOM_VirtualProduct_280-1243-40_B1,-,-,-,HIER_LEVEL_1,HIER_LEVEL_2,HIER_LEVEL_3,1,-,-,-
500-6496,2000,ROUTE_Module,1,0,BOM_500-6496,-,-,-,HIER_LEVEL_1,HIER_LEVEL_2,HIER_LEVEL_3,1,-,-,-
VirtualProduct_280-1243-40_B1,2000,ROUTE_dummy,1,0,BOM_VirtualProduct_280-1243-40_B1,-,-,-,HIER_LEVEL_1,HIER_LEVEL_2,HIER_LEVEL_3,1,-,-,-
500-6512,1000,ROUTE_Module,1,0,BOM_500-6512,-,-,-,HIER_LEVEL_1,HIER_LEVEL_2,HIER_LEVEL_3,1,-,-,-
500-6512,2000,ROUTE_Module,1,0,BOM_500-6512,-,-,-,HIER_LEVEL_1,HIER_LEVEL_2,HIER_LEVEL_3,1,-,-,-
500-6681,1000,ROUTE_Module,1,0,BOM_500-6681,-,-,-,HIER_LEVEL_1,HIER_LEVEL_2,HIER_LEVEL_3,1,-,-,-
500-6681,2000,ROUTE_Module,1,0,BOM_500-6681,-,-,-,HIER_LEVEL_1,HIER_LEVEL_2,HIER_LEVEL_3,1,-,-,-
502-2308,1000,ROUTE_dummy,1,0,BOM_502-2308,-,-,-,HIER_LEVEL_1,HIER_LEVEL_2,HIER_LEVEL_3,1,-,-,-
502-2308,2000,ROUTE_dummy,1,0,BOM_502-2308,-,-,-,HIER_LEVEL_1,HIER_LEVEL_2,HIER_LEVEL_3,1,-,-,-
502-2338,1000,ROUTE_dummy,1,0,BOM_502-2338,-,-,-,HIER_LEVEL_1,HIER_LEVEL_2,HIER_LEVEL_3,1,-,-,-
502-2338,2000,ROUTE_dummy,1,0,BOM_502-2338,-,-,-,HIER_LEVEL_1,HIER_LEVEL_2,HIER_LEVEL_3,1,-,-,-
502-2502,1000,ROUTE_dummy,1,0,BOM_502-2502,-,-,-,HIER_LEVEL_1,HIER_LEVEL_2,HIER_LEVEL_3,1,-,-,-
502-2502,2000,ROUTE_dummy,1,0,BOM_502-2502,-,-,-,HIER_LEVEL_1,HIER_LEVEL_2,HIER_LEVEL_3,1,-,-,-
502-2547,1000,ROUTE_dummy,1,0,BOM_502-2547,-,-,-,HIER_LEVEL_1,HIER_LEVEL_2,HIER_LEVEL_3,1,-,-,-
502-2547,2000,ROUTE_dummy,1,0,BOM_502-2547,-,-,-,HIER_LEVEL_1,HIER_LEVEL_2,HIER_LEVEL_3,1,-,-,-
502-2590,1000,ROUTE_dummy,1,0,BOM_502-2590,-,-,-,HIER_LEVEL_1,HIER_LEVEL_2,HIER_LEVEL_3,1,-,-,-
502-2590,2000,ROUTE_dummy,1,0,BOM_502-2590,-,-,-,HIER_LEVEL_1,HIER_LEVEL_2,HIER_LEVEL_3,1,-,-,-
502-2692,1000,ROUTE_dummy,1,0,BOM_502-2692,-,-,-,HIER_LEVEL_1,HIER_LEVEL_2,HIER_LEVEL_3,1,-,-,-
502-2692,2000,ROUTE_dummy,1,0,BOM_502-2692,-,-,-,HIER_LEVEL_1,HIER_LEVEL_2,HIER_LEVEL_3,1,-,-,-
502-2729,1000,ROUTE_dummy,1,0,BOM_502-2729,-,-,-,HIER_LEVEL_1,HIER_LEVEL_2,HIER_LEVEL_3,1,-,-,-
502-2729,2000,ROUTE_dummy,1,0,BOM_502-2729,-,-,-,HIER_LEVEL_1,HIER_LEVEL_2,HIER_LEVEL_3,1,-,-,-
502-2842,1000,ROUTE_dummy,1,0,BOM_502-2842,-,-,-,HIER_LEVEL_1,HIER_LEVEL_2,HIER_LEVEL_3,1,-,-,-
502-2842,2000,ROUTE_dummy,1,0,BOM_502-2842,-,-,-,HIER_LEVEL_1,HIER_LEVEL_2,HIER_LEVEL_3,1,-,-,-
502-3060,1000,ROUTE_dummy,1,0,BOM_502-3060,-,-,-,HIER_LEVEL_1,HIER_LEVEL_2,HIER_LEVEL_3,1,-,-,-
502-3060,2000,ROUTE_dummy,1,0,BOM_502-3060,-,-,-,HIER_LEVEL_1,HIER_LEVEL_2,HIER_LEVEL_3,1,-,-,-
502-3061,1000,ROUTE_dummy,1,0,BOM_502-3061,-,-,-,HIER_LEVEL_1,HIER_LEVEL_2,HIER_LEVEL_3,1,-,-,-
502-3061,2000,ROUTE_dummy,1,0,BOM_502-3061,-,-,-,HIER_LEVEL_1,HIER_LEVEL_2,HIER_LEVEL_3,1,-,-,-
502-3093,1000,ROUTE_dummy,1,0,BOM_502-3093,-,-,-,HIER_LEVEL_1,HIER_LEVEL_2,HIER_LEVEL_3,1,-,-,-
502-3093,2000,ROUTE_dummy,1,0,BOM_502-3093,-,-,-,HIER_LEVEL_1,HIER_LEVEL_2,HIER_LEVEL_3,1,-,-,-
504-1718,SUB_PCBA,ROUTE_subcon,1,0,BOM_504-1718,-,-,-,HIER_LEVEL_1,HIER_LEVEL_2,HIER_LEVEL_3,1,-,-,-
VirtualProduct_504-1728_C1,SUB_PCBA,ROUTE_dummy,1,0,BOM_VirtualProduct_504-1728_C1,-,-,-,HIER_LEVEL_1,HIER_LEVEL_2,HIER_LEVEL_3,1,-,-,-
VirtualProduct_504-1728_D1,SUB_PCBA,ROUTE_dummy,1,0,BOM_VirtualProduct_504-1728_D1,-,-,-,HIER_LEVEL_1,HIER_LEVEL_2,HIER_LEVEL_3,1,-,-,-
VirtualProduct_504-1728_B1,SUB_PCBA,ROUTE_dummy,1,0,BOM_VirtualProduct_504-1728_B1,-,-,-,HIER_LEVEL_1,HIER_LEVEL_2,HIER_LEVEL_3,1,-,-,-
VirtualProduct_504-1728_A1,SUB_PCBA,ROUTE_dummy,1,0,BOM_VirtualProduct_504-1728_A1,-,-,-,HIER_LEVEL_1,HIER_LEVEL_2,HIER_LEVEL_3,1,-,-,-
VirtualProduct_504-1877_C1,SUB_PCBA,ROUTE_dummy,1,0,BOM_VirtualProduct_504-1877_C1,-,-,-,HIER_LEVEL_1,HIER_LEVEL_2,HIER_LEVEL_3,1,-,-,-
VirtualProduct_504-1877_D1,SUB_PCBA,ROUTE_dummy,1,0,BOM_VirtualProduct_504-1877_D1,-,-,-,HIER_LEVEL_1,HIER_LEVEL_2,HIER_LEVEL_3,1,-,-,-
VirtualProduct_504-1877_A1,SUB_PCBA,ROUTE_dummy,1,0,BOM_VirtualProduct_504-1877_A1,-,-,-,HIER_LEVEL_1,HIER_LEVEL_2,HIER_LEVEL_3,1,-,-,-
VirtualProduct_504-1877_B1,SUB_PCBA,ROUTE_dummy,1,0,BOM_VirtualProduct_504-1877_B1,-,-,-,HIER_LEVEL_1,HIER_LEVEL_2,HIER_LEVEL_3,1,-,-,-
VirtualProduct_280-1243-40_A1,2000,ROUTE_dummy,1,0,BOM_VirtualProduct_280-1243-40_A1,-,-,-,HIER_LEVEL_1,HIER_LEVEL_2,HIER_LEVEL_3,1,-,-,-
VirtualProduct_280-1244-35_B1,1000,ROUTE_dummy,1,0,BOM_VirtualProduct_280-1244-35_B1,-,-,-,HIER_LEVEL_1,HIER_LEVEL_2,HIER_LEVEL_3,1,-,-,-
VirtualProduct_280-1244-35_B1,2000,ROUTE_dummy,1,0,BOM_VirtualProduct_280-1244-35_B1,-,-,-,HIER_LEVEL_1,HIER_LEVEL_2,HIER_LEVEL_3,1,-,-,-
VirtualProduct_280-1244-40_A1,1000,ROUTE_dummy,1,0,BOM_VirtualProduct_280-1244-40_A1,-,-,-,HIER_LEVEL_1,HIER_LEVEL_2,HIER_LEVEL_3,1,-,-,-
VirtualProduct_280-1244-40_B1,1000,ROUTE_dummy,1,0,BOM_VirtualProduct_280-1244-40_B1,-,-,-,HIER_LEVEL_1,HIER_LEVEL_2,HIER_LEVEL_3,1,-,-,-
VirtualProduct_280-1244-40_B1,2000,ROUTE_dummy,1,0,BOM_VirtualProduct_280-1244-40_B1,-,-,-,HIER_LEVEL_1,HIER_LEVEL_2,HIER_LEVEL_3,1,-,-,-
VirtualProduct_280-1244-40_A1,2000,ROUTE_dummy,1,0,BOM_VirtualProduct_280-1244-40_A1,-,-,-,HIER_LEVEL_1,HIER_LEVEL_2,HIER_LEVEL_3,1,-,-,-
VirtualProduct_280-1392_A4,1000,ROUTE_dummy,1,0,BOM_VirtualProduct_280-1392_A4,-,-,-,HIER_LEVEL_1,HIER_LEVEL_2,HIER_LEVEL_3,1,-,-,-
VirtualProduct_280-1392_A3,1000,ROUTE_dummy,1,0,BOM_VirtualProduct_280-1392_A3,-,-,-,HIER_LEVEL_1,HIER_LEVEL_2,HIER_LEVEL_3,1,-,-,-
VirtualProduct_280-1392_A4,2000,ROUTE_dummy,1,0,BOM_VirtualProduct_280-1392_A4,-,-,-,HIER_LEVEL_1,HIER_LEVEL_2,HIER_LEVEL_3,1,-,-,-
VirtualProduct_280-1392_A3,2000,ROUTE_dummy,1,0,BOM_VirtualProduct_280-1392_A3,-,-,-,HIER_LEVEL_1,HIER_LEVEL_2,HIER_LEVEL_3,1,-,-,-
504-1820,1000,ROUTE_OE,1,0,BOM_504-1820,-,-,-,HIER_LEVEL_1,HIER_LEVEL_2,HIER_LEVEL_3,1,-,-,-
VirtualProduct_500-3426-001_A1,1000,ROUTE_dummy,1,0,BOM_VirtualProduct_500-3426-001_A1,-,-,-,HIER_LEVEL_1,HIER_LEVEL_2,HIER_LEVEL_3,1,-,-,-
VirtualProduct_500-3426-001_A1,2000,ROUTE_dummy,1,0,BOM_VirtualProduct_500-3426-001_A1,-,-,-,HIER_LEVEL_1,HIER_LEVEL_2,HIER_LEVEL_3,1,-,-,-
VirtualProduct_500-3426-003_A1,1000,ROUTE_dummy,1,0,BOM_VirtualProduct_500-3426-003_A1,-,-,-,HIER_LEVEL_1,HIER_LEVEL_2,HIER_LEVEL_3,1,-,-,-
VirtualProduct_500-3426-003_A1,2000,ROUTE_dummy,1,0,BOM_VirtualProduct_500-3426-003_A1,-,-,-,HIER_LEVEL_1,HIER_LEVEL_2,HIER_LEVEL_3,1,-,-,-
VirtualProduct_500-3426-005_A1,1000,ROUTE_dummy,1,0,BOM_VirtualProduct_500-3426-005_A1,-,-,-,HIER_LEVEL_1,HIER_LEVEL_2,HIER_LEVEL_3,1,-,-,-
VirtualProduct_500-3426-005_A1,2000,ROUTE_dummy,1,0,BOM_VirtualProduct_500-3426-005_A1,-,-,-,HIER_LEVEL_1,HIER_LEVEL_2,HIER_LEVEL_3,1,-,-,-
504-1820,2000,ROUTE_OE,1,0,BOM_504-1820,-,-,-,HIER_LEVEL_1,HIER_LEVEL_2,HIER_LEVEL_3,1,-,-,-
504-1821,1000,ROUTE_OE,1,0,BOM_504-1821,-,-,-,HIER_LEVEL_1,HIER_LEVEL_2,HIER_LEVEL_3,1,-,-,-
VirtualProduct_280-1464_A2,1000,ROUTE_dummy,1,0,BOM_VirtualProduct_280-1464_A2,-,-,-,HIER_LEVEL_1,HIER_LEVEL_2,HIER_LEVEL_3,1,-,-,-
VirtualProduct_280-1464_A3,1000,ROUTE_dummy,1,0,BOM_VirtualProduct_280-1464_A3,-,-,-,HIER_LEVEL_1,HIER_LEVEL_2,HIER_LEVEL_3,1,-,-,-
VirtualProduct_280-1464_A4,1000,ROUTE_dummy,1,0,BOM_VirtualProduct_280-1464_A4,-,-,-,HIER_LEVEL_1,HIER_LEVEL_2,HIER_LEVEL_3,1,-,-,-
VirtualProduct_280-1464_A1,1000,ROUTE_dummy,1,0,BOM_VirtualProduct_280-1464_A1,-,-,-,HIER_LEVEL_1,HIER_LEVEL_2,HIER_LEVEL_3,1,-,-,-
VirtualProduct_280-1464_A1,2000,ROUTE_dummy,1,0,BOM_VirtualProduct_280-1464_A1,-,-,-,HIER_LEVEL_1,HIER_LEVEL_2,HIER_LEVEL_3,1,-,-,-
VirtualProduct_280-1464_A2,2000,ROUTE_dummy,1,0,BOM_VirtualProduct_280-1464_A2,-,-,-,HIER_LEVEL_1,HIER_LEVEL_2,HIER_LEVEL_3,1,-,-,-
VirtualProduct_280-1464_A3,2000,ROUTE_dummy,1,0,BOM_VirtualProduct_280-1464_A3,-,-,-,HIER_LEVEL_1,HIER_LEVEL_2,HIER_LEVEL_3,1,-,-,-
VirtualProduct_280-1464_A4,2000,ROUTE_dummy,1,0,BOM_VirtualProduct_280-1464_A4,-,-,-,HIER_LEVEL_1,HIER_LEVEL_2,HIER_LEVEL_3,1,-,-,-
VirtualProduct_280-1465_A2,2000,ROUTE_dummy,1,0,BOM_VirtualProduct_280-1465_A2,-,-,-,HIER_LEVEL_1,HIER_LEVEL_2,HIER_LEVEL_3,1,-,-,-
VirtualProduct_280-1465_A2,1000,ROUTE_dummy,1,0,BOM_VirtualProduct_280-1465_A2,-,-,-,HIER_LEVEL_1,HIER_LEVEL_2,HIER_LEVEL_3,1,-,-,-
VirtualProduct_280-1465_A1,1000,ROUTE_dummy,1,0,BOM_VirtualProduct_280-1465_A1,-,-,-,HIER_LEVEL_1,HIER_LEVEL_2,HIER_LEVEL_3,1,-,-,-
VirtualProduct_280-1465_A1,2000,ROUTE_dummy,1,0,BOM_VirtualProduct_280-1465_A1,-,-,-,HIER_LEVEL_1,HIER_LEVEL_2,HIER_LEVEL_3,1,-,-,-
VirtualProduct_280-1480-27_AA,1000,ROUTE_dummy,1,0,BOM_VirtualProduct_280-1480-27_AA,-,-,-,HIER_LEVEL_1,HIER_LEVEL_2,HIER_LEVEL_3,1,-,-,-
VirtualProduct_280-1480-27_AA,2000,ROUTE_dummy,1,0,BOM_VirtualProduct_280-1480-27_AA,-,-,-,HIER_LEVEL_1,HIER_LEVEL_2,HIER_LEVEL_3,1,-,-,-
VirtualProduct_280-1480-29_AA,1000,ROUTE_dummy,1,0,BOM_VirtualProduct_280-1480-29_AA,-,-,-,HIER_LEVEL_1,HIER_LEVEL_2,HIER_LEVEL_3,1,-,-,-
VirtualProduct_280-1480-29_AA,2000,ROUTE_dummy,1,0,BOM_VirtualProduct_280-1480-29_AA,-,-,-,HIER_LEVEL_1,HIER_LEVEL_2,HIER_LEVEL_3,1,-,-,-
VirtualProduct_280-1480-31_AA,1000,ROUTE_dummy,1,0,BOM_VirtualProduct_280-1480-31_AA,-,-,-,HIER_LEVEL_1,HIER_LEVEL_2,HIER_LEVEL_3,1,-,-,-
VirtualProduct_280-1480-31_AA,2000,ROUTE_dummy,1,0,BOM_VirtualProduct_280-1480-31_AA,-,-,-,HIER_LEVEL_1,HIER_LEVEL_2,HIER_LEVEL_3,1,-,-,-
VirtualProduct_280-1480-33_AA,1000,ROUTE_dummy,1,0,BOM_VirtualProduct_280-1480-33_AA,-,-,-,HIER_LEVEL_1,HIER_LEVEL_2,HIER_LEVEL_3,1,-,-,-
VirtualProduct_280-1480-33_AA,2000,ROUTE_dummy,1,0,BOM_VirtualProduct_280-1480-33_AA,-,-,-,HIER_LEVEL_1,HIER_LEVEL_2,HIER_LEVEL_3,1,-,-,-
504-1821,2000,ROUTE_OE,1,0,BOM_504-1821,-,-,-,HIER_LEVEL_1,HIER_LEVEL_2,HIER_LEVEL_3,1,-,-,-
504-1878,SUB_PCBA,ROUTE_subcon,1,0,BOM_504-1878,-,-,-,HIER_LEVEL_1,HIER_LEVEL_2,HIER_LEVEL_3,1,-,-,-
VirtualProduct_504-1569_E1,2000,ROUTE_dummy,1,0,BOM_VirtualProduct_504-1569_E1,-,-,-,HIER_LEVEL_1,HIER_LEVEL_2,HIER_LEVEL_3,1,-,-,-
VirtualProduct_504-1595_B1,1000,ROUTE_dummy,1,0,BOM_VirtualProduct_504-1595_B1,-,-,-,HIER_LEVEL_1,HIER_LEVEL_2,HIER_LEVEL_3,1,-,-,-
VirtualProduct_504-1595_E1,1000,ROUTE_dummy,1,0,BOM_VirtualProduct_504-1595_E1,-,-,-,HIER_LEVEL_1,HIER_LEVEL_2,HIER_LEVEL_3,1,-,-,-
VirtualProduct_504-1718_A1,SUB_PCBA,ROUTE_dummy,1,0,BOM_VirtualProduct_504-1718_A1,-,-,-,HIER_LEVEL_1,HIER_LEVEL_2,HIER_LEVEL_3,1,-,-,-
VirtualProduct_504-1746_A1,SUB_PCBA,ROUTE_dummy,1,0,BOM_VirtualProduct_504-1746_A1,-,-,-,HIER_LEVEL_1,HIER_LEVEL_2,HIER_LEVEL_3,1,-,-,-
VirtualProduct_504-1878_C1,SUB_PCBA,ROUTE_dummy,1,0,BOM_VirtualProduct_504-1878_C1,-,-,-,HIER_LEVEL_1,HIER_LEVEL_2,HIER_LEVEL_3,1,-,-,-
VirtualProduct_504-1878_A1,SUB_PCBA,ROUTE_dummy,1,0,BOM_VirtualProduct_504-1878_A1,-,-,-,HIER_LEVEL_1,HIER_LEVEL_2,HIER_LEVEL_3,1,-,-,-
VirtualProduct_280-1593_T5,1000,ROUTE_dummy,1,0,BOM_VirtualProduct_280-1593_T5,-,-,-,HIER_LEVEL_1,HIER_LEVEL_2,HIER_LEVEL_3,1,-,-,-
VirtualProduct_280-1593_T5,2000,ROUTE_dummy,1,0,BOM_VirtualProduct_280-1593_T5,-,-,-,HIER_LEVEL_1,HIER_LEVEL_2,HIER_LEVEL_3,1,-,-,-
VirtualProduct_280-1593_T1,1000,ROUTE_dummy,1,0,BOM_VirtualProduct_280-1593_T1,-,-,-,HIER_LEVEL_1,HIER_LEVEL_2,HIER_LEVEL_3,1,-,-,-
VirtualProduct_280-1593_T1,2000,ROUTE_dummy,1,0,BOM_VirtualProduct_280-1593_T1,-,-,-,HIER_LEVEL_1,HIER_LEVEL_2,HIER_LEVEL_3,1,-,-,-
VirtualProduct_280-1593_T2,1000,ROUTE_dummy,1,0,BOM_VirtualProduct_280-1593_T2,-,-,-,HIER_LEVEL_1,HIER_LEVEL_2,HIER_LEVEL_3,1,-,-,-
VirtualProduct_280-1593_T2,2000,ROUTE_dummy,1,0,BOM_VirtualProduct_280-1593_T2,-,-,-,HIER_LEVEL_1,HIER_LEVEL_2,HIER_LEVEL_3,1,-,-,-
VirtualProduct_280-1593_T3,1000,ROUTE_dummy,1,0,BOM_VirtualProduct_280-1593_T3,-,-,-,HIER_LEVEL_1,HIER_LEVEL_2,HIER_LEVEL_3,1,-,-,-
VirtualProduct_280-1593_T3,2000,ROUTE_dummy,1,0,BOM_VirtualProduct_280-1593_T3,-,-,-,HIER_LEVEL_1,HIER_LEVEL_2,HIER_LEVEL_3,1,-,-,-
VirtualProduct_280-1593_T4,1000,ROUTE_dummy,1,0,BOM_VirtualProduct_280-1593_T4,-,-,-,HIER_LEVEL_1,HIER_LEVEL_2,HIER_LEVEL_3,1,-,-,-
504-1936,1000,ROUTE_OE,1,0,BOM_504-1936,-,-,-,HIER_LEVEL_1,HIER_LEVEL_2,HIER_LEVEL_3,1,-,-,-
504-1936,2000,ROUTE_OE,1,0,BOM_504-1936,-,-,-,HIER_LEVEL_1,HIER_LEVEL_2,HIER_LEVEL_3,1,-,-,-
504-1972,1000,ROUTE_OE,1,0,BOM_504-1972,-,-,-,HIER_LEVEL_1,HIER_LEVEL_2,HIER_LEVEL_3,1,-,-,-
VirtualProduct_280-1593_T4,2000,ROUTE_dummy,1,0,BOM_VirtualProduct_280-1593_T4,-,-,-,HIER_LEVEL_1,HIER_LEVEL_2,HIER_LEVEL_3,1,-,-,-
VirtualProduct_280-1594_P1,2000,ROUTE_dummy,1,0,BOM_VirtualProduct_280-1594_P1,-,-,-,HIER_LEVEL_1,HIER_LEVEL_2,HIER_LEVEL_3,1,-,-,-
VirtualProduct_280-1594_P1,1000,ROUTE_dummy,1,0,BOM_VirtualProduct_280-1594_P1,-,-,-,HIER_LEVEL_1,HIER_LEVEL_2,HIER_LEVEL_3,1,-,-,-
VirtualProduct_280-1594_A1,2000,ROUTE_dummy,1,0,BOM_VirtualProduct_280-1594_A1,-,-,-,HIER_LEVEL_1,HIER_LEVEL_2,HIER_LEVEL_3,1,-,-,-
VirtualProduct_280-1594_A1,1000,ROUTE_dummy,1,0,BOM_VirtualProduct_280-1594_A1,-,-,-,HIER_LEVEL_1,HIER_LEVEL_2,HIER_LEVEL_3,1,-,-,-
VirtualProduct_280-1638_T5,2000,ROUTE_dummy,1,0,BOM_VirtualProduct_280-1638_T5,-,-,-,HIER_LEVEL_1,HIER_LEVEL_2,HIER_LEVEL_3,1,-,-,-
VirtualProduct_280-1638_T5,1000,ROUTE_dummy,1,0,BOM_VirtualProduct_280-1638_T5,-,-,-,HIER_LEVEL_1,HIER_LEVEL_2,HIER_LEVEL_3,1,-,-,-
VirtualProduct_280-1638_T6,1000,ROUTE_dummy,1,0,BOM_VirtualProduct_280-1638_T6,-,-,-,HIER_LEVEL_1,HIER_LEVEL_2,HIER_LEVEL_3,1,-,-,-
VirtualProduct_280-1638_T6,2000,ROUTE_dummy,1,0,BOM_VirtualProduct_280-1638_T6,-,-,-,HIER_LEVEL_1,HIER_LEVEL_2,HIER_LEVEL_3,1,-,-,-
VirtualProduct_280-1638_T1,2000,ROUTE_dummy,1,0,BOM_VirtualProduct_280-1638_T1,-,-,-,HIER_LEVEL_1,HIER_LEVEL_2,HIER_LEVEL_3,1,-,-,-
VirtualProduct_280-1638_T1,1000,ROUTE_dummy,1,0,BOM_VirtualProduct_280-1638_T1,-,-,-,HIER_LEVEL_1,HIER_LEVEL_2,HIER_LEVEL_3,1,-,-,-
VirtualProduct_280-1638_T2,1000,ROUTE_dummy,1,0,BOM_VirtualProduct_280-1638_T2,-,-,-,HIER_LEVEL_1,HIER_LEVEL_2,HIER_LEVEL_3,1,-,-,-
VirtualProduct_280-1638_T2,2000,ROUTE_dummy,1,0,BOM_VirtualProduct_280-1638_T2,-,-,-,HIER_LEVEL_1,HIER_LEVEL_2,HIER_LEVEL_3,1,-,-,-
VirtualProduct_280-1638_T3,1000,ROUTE_dummy,1,0,BOM_VirtualProduct_280-1638_T3,-,-,-,HIER_LEVEL_1,HIER_LEVEL_2,HIER_LEVEL_3,1,-,-,-
VirtualProduct_280-1638_T3,2000,ROUTE_dummy,1,0,BOM_VirtualProduct_280-1638_T3,-,-,-,HIER_LEVEL_1,HIER_LEVEL_2,HIER_LEVEL_3,1,-,-,-
VirtualProduct_280-1638_T4,1000,ROUTE_dummy,1,0,BOM_VirtualProduct_280-1638_T4,-,-,-,HIER_LEVEL_1,HIER_LEVEL_2,HIER_LEVEL_3,1,-,-,-
VirtualProduct_280-1638_T4,2000,ROUTE_dummy,1,0,BOM_VirtualProduct_280-1638_T4,-,-,-,HIER_LEVEL_1,HIER_LEVEL_2,HIER_LEVEL_3,1,-,-,-
VirtualProduct_280-1638_T7,1000,ROUTE_dummy,1,0,BOM_VirtualProduct_280-1638_T7,-,-,-,HIER_LEVEL_1,HIER_LEVEL_2,HIER_LEVEL_3,1,-,-,-
VirtualProduct_280-1638_T7,2000,ROUTE_dummy,1,0,BOM_VirtualProduct_280-1638_T7,-,-,-,HIER_LEVEL_1,HIER_LEVEL_2,HIER_LEVEL_3,1,-,-,-
504-1972,2000,ROUTE_OE,1,0,BOM_504-1972,-,-,-,HIER_LEVEL_1,HIER_LEVEL_2,HIER_LEVEL_3,1,-,-,-
504-1973,1000,ROUTE_OE,1,0,BOM_504-1973,-,-,-,HIER_LEVEL_1,HIER_LEVEL_2,HIER_LEVEL_3,1,-,-,-
504-1973,2000,ROUTE_OE,1,0,BOM_504-1973,-,-,-,HIER_LEVEL_1,HIER_LEVEL_2,HIER_LEVEL_3,1,-,-,-
VirtualProduct_500-5988_A1,1000,ROUTE_dummy,1,0,BOM_VirtualProduct_500-5988_A1,-,-,-,HIER_LEVEL_1,HIER_LEVEL_2,HIER_LEVEL_3,1,-,-,-
VirtualProduct_500-5988_A1,2000,ROUTE_dummy,1,0,BOM_VirtualProduct_500-5988_A1,-,-,-,HIER_LEVEL_1,HIER_LEVEL_2,HIER_LEVEL_3,1,-,-,-
VirtualProduct_502-2308_A1,1000,ROUTE_dummy,1,0,BOM_VirtualProduct_502-2308_A1,-,-,-,HIER_LEVEL_1,HIER_LEVEL_2,HIER_LEVEL_3,1,-,-,-
VirtualProduct_502-2308_C1,1000,ROUTE_dummy,1,0,BOM_VirtualProduct_502-2308_C1,-,-,-,HIER_LEVEL_1,HIER_LEVEL_2,HIER_LEVEL_3,1,-,-,-
VirtualProduct_502-2308_C1,2000,ROUTE_dummy,1,0,BOM_VirtualProduct_502-2308_C1,-,-,-,HIER_LEVEL_1,HIER_LEVEL_2,HIER_LEVEL_3,1,-,-,-
VirtualProduct_502-2308_D1,1000,ROUTE_dummy,1,0,BOM_VirtualProduct_502-2308_D1,-,-,-,HIER_LEVEL_1,HIER_LEVEL_2,HIER_LEVEL_3,1,-,-,-
VirtualProduct_502-2308_D1,2000,ROUTE_dummy,1,0,BOM_VirtualProduct_502-2308_D1,-,-,-,HIER_LEVEL_1,HIER_LEVEL_2,HIER_LEVEL_3,1,-,-,-
VirtualProduct_502-2308_E1,1000,ROUTE_dummy,1,0,BOM_VirtualProduct_502-2308_E1,-,-,-,HIER_LEVEL_1,HIER_LEVEL_2,HIER_LEVEL_3,1,-,-,-
VirtualProduct_502-2308_E1,2000,ROUTE_dummy,1,0,BOM_VirtualProduct_502-2308_E1,-,-,-,HIER_LEVEL_1,HIER_LEVEL_2,HIER_LEVEL_3,1,-,-,-
VirtualProduct_502-2308_A1,2000,ROUTE_dummy,1,0,BOM_VirtualProduct_502-2308_A1,-,-,-,HIER_LEVEL_1,HIER_LEVEL_2,HIER_LEVEL_3,1,-,-,-
VirtualProduct_502-2338_A1,1000,ROUTE_dummy,1,0,BOM_VirtualProduct_502-2338_A1,-,-,-,HIER_LEVEL_1,HIER_LEVEL_2,HIER_LEVEL_3,1,-,-,-
VirtualProduct_502-2338_C1,1000,ROUTE_dummy,1,0,BOM_VirtualProduct_502-2338_C1,-,-,-,HIER_LEVEL_1,HIER_LEVEL_2,HIER_LEVEL_3,1,-,-,-
VirtualProduct_502-2338_C1,2000,ROUTE_dummy,1,0,BOM_VirtualProduct_502-2338_C1,-,-,-,HIER_LEVEL_1,HIER_LEVEL_2,HIER_LEVEL_3,1,-,-,-
VirtualProduct_502-2338_D1,1000,ROUTE_dummy,1,0,BOM_VirtualProduct_502-2338_D1,-,-,-,HIER_LEVEL_1,HIER_LEVEL_2,HIER_LEVEL_3,1,-,-,-
VirtualProduct_502-2338_D1,2000,ROUTE_dummy,1,0,BOM_VirtualProduct_502-2338_D1,-,-,-,HIER_LEVEL_1,HIER_LEVEL_2,HIER_LEVEL_3,1,-,-,-
VirtualProduct_502-2338_E1,1000,ROUTE_dummy,1,0,BOM_VirtualProduct_502-2338_E1,-,-,-,HIER_LEVEL_1,HIER_LEVEL_2,HIER_LEVEL_3,1,-,-,-
VirtualProduct_502-2338_E1,2000,ROUTE_dummy,1,0,BOM_VirtualProduct_502-2338_E1,-,-,-,HIER_LEVEL_1,HIER_LEVEL_2,HIER_LEVEL_3,1,-,-,-
VirtualProduct_502-2338_A1,2000,ROUTE_dummy,1,0,BOM_VirtualProduct_502-2338_A1,-,-,-,HIER_LEVEL_1,HIER_LEVEL_2,HIER_LEVEL_3,1,-,-,-
VirtualProduct_502-2502_A1,1000,ROUTE_dummy,1,0,BOM_VirtualProduct_502-2502_A1,-,-,-,HIER_LEVEL_1,HIER_LEVEL_2,HIER_LEVEL_3,1,-,-,-
VirtualProduct_502-2502_C1,1000,ROUTE_dummy,1,0,BOM_VirtualProduct_502-2502_C1,-,-,-,HIER_LEVEL_1,HIER_LEVEL_2,HIER_LEVEL_3,1,-,-,-
VirtualProduct_502-2502_C1,2000,ROUTE_dummy,1,0,BOM_VirtualProduct_502-2502_C1,-,-,-,HIER_LEVEL_1,HIER_LEVEL_2,HIER_LEVEL_3,1,-,-,-
VirtualProduct_502-2502_D1,1000,ROUTE_dummy,1,0,BOM_VirtualProduct_502-2502_D1,-,-,-,HIER_LEVEL_1,HIER_LEVEL_2,HIER_LEVEL_3,1,-,-,-
VirtualProduct_502-2502_D1,2000,ROUTE_dummy,1,0,BOM_VirtualProduct_502-2502_D1,-,-,-,HIER_LEVEL_1,HIER_LEVEL_2,HIER_LEVEL_3,1,-,-,-
VirtualProduct_502-2502_E1,1000,ROUTE_dummy,1,0,BOM_VirtualProduct_502-2502_E1,-,-,-,HIER_LEVEL_1,HIER_LEVEL_2,HIER_LEVEL_3,1,-,-,-
VirtualProduct_502-2502_E1,2000,ROUTE_dummy,1,0,BOM_VirtualProduct_502-2502_E1,-,-,-,HIER_LEVEL_1,HIER_LEVEL_2,HIER_LEVEL_3,1,-,-,-
VirtualProduct_502-2502_A1,2000,ROUTE_dummy,1,0,BOM_VirtualProduct_502-2502_A1,-,-,-,HIER_LEVEL_1,HIER_LEVEL_2,HIER_LEVEL_3,1,-,-,-
VirtualProduct_502-2547_C1,1000,ROUTE_dummy,1,0,BOM_VirtualProduct_502-2547_C1,-,-,-,HIER_LEVEL_1,HIER_LEVEL_2,HIER_LEVEL_3,1,-,-,-
VirtualProduct_502-2547_C1,2000,ROUTE_dummy,1,0,BOM_VirtualProduct_502-2547_C1,-,-,-,HIER_LEVEL_1,HIER_LEVEL_2,HIER_LEVEL_3,1,-,-,-
VirtualProduct_502-2729_A1,1000,ROUTE_dummy,1,0,BOM_VirtualProduct_502-2729_A1,-,-,-,HIER_LEVEL_1,HIER_LEVEL_2,HIER_LEVEL_3,1,-,-,-
VirtualProduct_502-2729_A1,2000,ROUTE_dummy,1,0,BOM_VirtualProduct_502-2729_A1,-,-,-,HIER_LEVEL_1,HIER_LEVEL_2,HIER_LEVEL_3,1,-,-,-
VirtualProduct_502-2842_C1,1000,ROUTE_dummy,1,0,BOM_VirtualProduct_502-2842_C1,-,-,-,HIER_LEVEL_1,HIER_LEVEL_2,HIER_LEVEL_3,1,-,-,-
VirtualProduct_502-2842_C1,2000,ROUTE_dummy,1,0,BOM_VirtualProduct_502-2842_C1,-,-,-,HIER_LEVEL_1,HIER_LEVEL_2,HIER_LEVEL_3,1,-,-,-
VirtualProduct_502-2842_D1,1000,ROUTE_dummy,1,0,BOM_VirtualProduct_502-2842_D1,-,-,-,HIER_LEVEL_1,HIER_LEVEL_2,HIER_LEVEL_3,1,-,-,-
VirtualProduct_502-2842_D1,2000,ROUTE_dummy,1,0,BOM_VirtualProduct_502-2842_D1,-,-,-,HIER_LEVEL_1,HIER_LEVEL_2,HIER_LEVEL_3,1,-,-,-
VirtualProduct_502-2842_E1,1000,ROUTE_dummy,1,0,BOM_VirtualProduct_502-2842_E1,-,-,-,HIER_LEVEL_1,HIER_LEVEL_2,HIER_LEVEL_3,1,-,-,-
VirtualProduct_502-2842_E1,2000,ROUTE_dummy,1,0,BOM_VirtualProduct_502-2842_E1,-,-,-,HIER_LEVEL_1,HIER_LEVEL_2,HIER_LEVEL_3,1,-,-,-
VirtualProduct_504-1354_A1,SUB_PCBA,ROUTE_dummy,1,0,BOM_VirtualProduct_504-1354_A1,-,-,-,HIER_LEVEL_1,HIER_LEVEL_2,HIER_LEVEL_3,1,-,-,-
VirtualProduct_504-1431_A1,SUB_PCBA,ROUTE_dummy,1,0,BOM_VirtualProduct_504-1431_A1,-,-,-,HIER_LEVEL_1,HIER_LEVEL_2,HIER_LEVEL_3,1,-,-,-
VirtualProduct_504-1694_B1,SUB_PCBA,ROUTE_dummy,1,0,BOM_VirtualProduct_504-1694_B1,-,-,-,HIER_LEVEL_1,HIER_LEVEL_2,HIER_LEVEL_3,1,-,-,-
VirtualProduct_504-1694_D1,SUB_PCBA,ROUTE_dummy,1,0,BOM_VirtualProduct_504-1694_D1,-,-,-,HIER_LEVEL_1,HIER_LEVEL_2,HIER_LEVEL_3,1,-,-,-
VirtualProduct_504-1718_B1,SUB_PCBA,ROUTE_dummy,1,0,BOM_VirtualProduct_504-1718_B1,-,-,-,HIER_LEVEL_1,HIER_LEVEL_2,HIER_LEVEL_3,1,-,-,-
VirtualProduct_504-1718_D1,SUB_PCBA,ROUTE_dummy,1,0,BOM_VirtualProduct_504-1718_D1,-,-,-,HIER_LEVEL_1,HIER_LEVEL_2,HIER_LEVEL_3,1,-,-,-
VirtualProduct_504-1746_B1,SUB_PCBA,ROUTE_dummy,1,0,BOM_VirtualProduct_504-1746_B1,-,-,-,HIER_LEVEL_1,HIER_LEVEL_2,HIER_LEVEL_3,1,-,-,-
VirtualProduct_504-1820_A1,1000,ROUTE_dummy,1,0,BOM_VirtualProduct_504-1820_A1,-,-,-,HIER_LEVEL_1,HIER_LEVEL_2,HIER_LEVEL_3,1,-,-,-
VirtualProduct_504-1820_A1,2000,ROUTE_dummy,1,0,BOM_VirtualProduct_504-1820_A1,-,-,-,HIER_LEVEL_1,HIER_LEVEL_2,HIER_LEVEL_3,1,-,-,-
VirtualProduct_504-1820_E1,1000,ROUTE_dummy,1,0,BOM_VirtualProduct_504-1820_E1,-,-,-,HIER_LEVEL_1,HIER_LEVEL_2,HIER_LEVEL_3,1,-,-,-
VirtualProduct_504-1820_E1,2000,ROUTE_dummy,1,0,BOM_VirtualProduct_504-1820_E1,-,-,-,HIER_LEVEL_1,HIER_LEVEL_2,HIER_LEVEL_3,1,-,-,-
VirtualProduct_504-1821_A1,1000,ROUTE_dummy,1,0,BOM_VirtualProduct_504-1821_A1,-,-,-,HIER_LEVEL_1,HIER_LEVEL_2,HIER_LEVEL_3,1,-,-,-
VirtualProduct_504-1821_A1,2000,ROUTE_dummy,1,0,BOM_VirtualProduct_504-1821_A1,-,-,-,HIER_LEVEL_1,HIER_LEVEL_2,HIER_LEVEL_3,1,-,-,-
VirtualProduct_504-1821_E1,1000,ROUTE_dummy,1,0,BOM_VirtualProduct_504-1821_E1,-,-,-,HIER_LEVEL_1,HIER_LEVEL_2,HIER_LEVEL_3,1,-,-,-
VirtualProduct_504-1821_E1,2000,ROUTE_dummy,1,0,BOM_VirtualProduct_504-1821_E1,-,-,-,HIER_LEVEL_1,HIER_LEVEL_2,HIER_LEVEL_3,1,-,-,-
VirtualProduct_504-1878_B1,SUB_PCBA,ROUTE_dummy,1,0,BOM_VirtualProduct_504-1878_B1,-,-,-,HIER_LEVEL_1,HIER_LEVEL_2,HIER_LEVEL_3,1,-,-,-
VirtualProduct_504-1878_D1,SUB_PCBA,ROUTE_dummy,1,0,BOM_VirtualProduct_504-1878_D1,-,-,-,HIER_LEVEL_1,HIER_LEVEL_2,HIER_LEVEL_3,1,-,-,-
VirtualProduct_504-1936_A1,1000,ROUTE_dummy,1,0,BOM_VirtualProduct_504-1936_A1,-,-,-,HIER_LEVEL_1,HIER_LEVEL_2,HIER_LEVEL_3,1,-,-,-
VirtualProduct_504-1936_A1,2000,ROUTE_dummy,1,0,BOM_VirtualProduct_504-1936_A1,-,-,-,HIER_LEVEL_1,HIER_LEVEL_2,HIER_LEVEL_3,1,-,-,-
VirtualProduct_504-1936_E1,1000,ROUTE_dummy,1,0,BOM_VirtualProduct_504-1936_E1,-,-,-,HIER_LEVEL_1,HIER_LEVEL_2,HIER_LEVEL_3,1,-,-,-
VirtualProduct_504-1936_E1,2000,ROUTE_dummy,1,0,BOM_VirtualProduct_504-1936_E1,-,-,-,HIER_LEVEL_1,HIER_LEVEL_2,HIER_LEVEL_3,1,-,-,-
VirtualProduct_504-1972_B1,2000,ROUTE_dummy,1,0,BOM_VirtualProduct_504-1972_B1,-,-,-,HIER_LEVEL_1,HIER_LEVEL_2,HIER_LEVEL_3,1,-,-,-
VirtualProduct_504-1972_C1,2000,ROUTE_dummy,1,0,BOM_VirtualProduct_504-1972_C1,-,-,-,HIER_LEVEL_1,HIER_LEVEL_2,HIER_LEVEL_3,1,-,-,-
VirtualProduct_504-1972_A1,1000,ROUTE_dummy,1,0,BOM_VirtualProduct_504-1972_A1,-,-,-,HIER_LEVEL_1,HIER_LEVEL_2,HIER_LEVEL_3,1,-,-,-
VirtualProduct_504-1972_B1,1000,ROUTE_dummy,1,0,BOM_VirtualProduct_504-1972_B1,-,-,-,HIER_LEVEL_1,HIER_LEVEL_2,HIER_LEVEL_3,1,-,-,-
VirtualProduct_504-1972_C1,1000,ROUTE_dummy,1,0,BOM_VirtualProduct_504-1972_C1,-,-,-,HIER_LEVEL_1,HIER_LEVEL_2,HIER_LEVEL_3,1,-,-,-
VirtualProduct_504-1972_A1,2000,ROUTE_dummy,1,0,BOM_VirtualProduct_504-1972_A1,-,-,-,HIER_LEVEL_1,HIER_LEVEL_2,HIER_LEVEL_3,1,-,-,-
VirtualProduct_504-1973_A1,1000,ROUTE_dummy,1,0,BOM_VirtualProduct_504-1973_A1,-,-,-,HIER_LEVEL_1,HIER_LEVEL_2,HIER_LEVEL_3,1,-,-,-
VirtualProduct_504-1973_A1,2000,ROUTE_dummy,1,0,BOM_VirtualProduct_504-1973_A1,-,-,-,HIER_LEVEL_1,HIER_LEVEL_2,HIER_LEVEL_3,1,-,-,-
VirtualProduct_504-1973_E1,2000,ROUTE_dummy,1,0,BOM_VirtualProduct_504-1973_E1,-,-,-,HIER_LEVEL_1,HIER_LEVEL_2,HIER_LEVEL_3,1,-,-,-
VirtualProduct_504-1973_E1,1000,ROUTE_dummy,1,0,BOM_VirtualProduct_504-1973_E1,-,-,-,HIER_LEVEL_1,HIER_LEVEL_2,HIER_LEVEL_3,1,-,-,-
F29,VIRTUAL,ROUTE_dummy,1,0,BOM_F29,-,-,-,HIER_LEVEL_1,HIER_LEVEL_2,HIER_LEVEL_3,1,-,-,-
F30@855,VIRTUAL,ROUTE_dummy,1,0,BOM_F30@855,-,-,-,HIER_LEVEL_1,HIER_LEVEL_2,HIER_LEVEL_3,1,-,-,-
F30@898,VIRTUAL,ROUTE_dummy,1,0,BOM_F30@898,-,-,-,HIER_LEVEL_1,HIER_LEVEL_2,HIER_LEVEL_3,1,-,-,-
F30@888,VIRTUAL,ROUTE_dummy,1,0,BOM_F30@888,-,-,-,HIER_LEVEL_1,HIER_LEVEL_2,HIER_LEVEL_3,1,-,-,-
F30@858,VIRTUAL,ROUTE_dummy,1,0,BOM_F30@858,-,-,-,HIER_LEVEL_1,HIER_LEVEL_2,HIER_LEVEL_3,1,-,-,-
F29@818,VIRTUAL,ROUTE_dummy,1,0,BOM_F29@818,-,-,-,HIER_LEVEL_1,HIER_LEVEL_2,HIER_LEVEL_3,1,-,-,-
F29@828,VIRTUAL,ROUTE_dummy,1,0,BOM_F29@828,-,-,-,HIER_LEVEL_1,HIER_LEVEL_2,HIER_LEVEL_3,1,-,-,-
F01@domestic_others,VIRTUAL,ROUTE_dummy,1,0,BOM_F01@domestic_others,-,-,-,HIER_LEVEL_1,HIER_LEVEL_2,HIER_LEVEL_3,1,-,-,-
F01@633,VIRTUAL,ROUTE_dummy,1,0,BOM_F01@633,-,-,-,HIER_LEVEL_1,HIER_LEVEL_2,HIER_LEVEL_3,1,-,-,-
F01@Coriant,VIRTUAL,ROUTE_dummy,1,0,BOM_F01@Coriant,-,-,-,HIER_LEVEL_1,HIER_LEVEL_2,HIER_LEVEL_3,1,-,-,-
F01@818,VIRTUAL,ROUTE_dummy,1,0,BOM_F01@818,-,-,-,HIER_LEVEL_1,HIER_LEVEL_2,HIER_LEVEL_3,1,-,-,-
F29@888,VIRTUAL,ROUTE_dummy,1,0,BOM_F29@888,-,-,-,HIER_LEVEL_1,HIER_LEVEL_2,HIER_LEVEL_3,1,-,-,-
F29@677,VIRTUAL,ROUTE_dummy,1,0,BOM_F29@677,-,-,-,HIER_LEVEL_1,HIER_LEVEL_2,HIER_LEVEL_3,1,-,-,-
F29@898,VIRTUAL,ROUTE_dummy,1,0,BOM_F29@898,-,-,-,HIER_LEVEL_1,HIER_LEVEL_2,HIER_LEVEL_3,1,-,-,-
F29@international_others,VIRTUAL,ROUTE_dummy,1,0,BOM_F29@international_others,-,-,-,HIER_LEVEL_1,HIER_LEVEL_2,HIER_LEVEL_3,1,-,-,-
F29@855,VIRTUAL,ROUTE_dummy,1,0,BOM_F29@855,-,-,-,HIER_LEVEL_1,HIER_LEVEL_2,HIER_LEVEL_3,1,-,-,-
F29@858,VIRTUAL,ROUTE_dummy,1,0,BOM_F29@858,-,-,-,HIER_LEVEL_1,HIER_LEVEL_2,HIER_LEVEL_3,1,-,-,-
F29@domestic_others,VIRTUAL,ROUTE_dummy,1,0,BOM_F29@domestic_others,-,-,-,HIER_LEVEL_1,HIER_LEVEL_2,HIER_LEVEL_3,1,-,-,-
F01@858,VIRTUAL,ROUTE_dummy,1,0,BOM_F01@858,-,-,-,HIER_LEVEL_1,HIER_LEVEL_2,HIER_LEVEL_3,1,-,-,-
F30,VIRTUAL,ROUTE_dummy,1,0,BOM_F30,-,-,-,HIER_LEVEL_1,HIER_LEVEL_2,HIER_LEVEL_3,1,-,-,-
F01,VIRTUAL,ROUTE_dummy,1,0,BOM_F01,-,-,-,HIER_LEVEL_1,HIER_LEVEL_2,HIER_LEVEL_3,1,-,-,-
TR-FC13T-N00@855,VIRTUAL,ROUTE_dummy,1,0,BOM_TR-FC13T-N00@855,-,-,-,HIER_LEVEL_1,HIER_LEVEL_2,HIER_LEVEL_3,1,-,-,-
TR-FC13T-NTC@898,VIRTUAL,ROUTE_dummy,1,0,BOM_TR-FC13T-NTC@898,-,-,-,HIER_LEVEL_1,HIER_LEVEL_2,HIER_LEVEL_3,1,-,-,-
TR-FC13H-H00@888,VIRTUAL,ROUTE_dummy,1,0,BOM_TR-FC13H-H00@888,-,-,-,HIER_LEVEL_1,HIER_LEVEL_2,HIER_LEVEL_3,1,-,-,-
TR-FC13T-NTD@898,VIRTUAL,ROUTE_dummy,1,0,BOM_TR-FC13T-NTD@898,-,-,-,HIER_LEVEL_1,HIER_LEVEL_2,HIER_LEVEL_3,1,-,-,-
TR-FC13T-N00-H3C@858,VIRTUAL,ROUTE_dummy,1,0,BOM_TR-FC13T-N00-H3C@858,-,-,-,HIER_LEVEL_1,HIER_LEVEL_2,HIER_LEVEL_3,1,-,-,-
TR-FC13T-N00@888,VIRTUAL,ROUTE_dummy,1,0,BOM_TR-FC13T-N00@888,-,-,-,HIER_LEVEL_1,HIER_LEVEL_2,HIER_LEVEL_3,1,-,-,-
TR-FC85S-NHP@858,VIRTUAL,ROUTE_dummy,1,0,BOM_TR-FC85S-NHP@858,-,-,-,HIER_LEVEL_1,HIER_LEVEL_2,HIER_LEVEL_3,1,-,-,-
TF-FCxxx-N00-H3C@858,VIRTUAL,ROUTE_dummy,1,0,BOM_TF-FCxxx-N00-H3C@858,-,-,-,HIER_LEVEL_1,HIER_LEVEL_2,HIER_LEVEL_3,1,-,-,-
TF-FCxxx-N00@domestic_others,VIRTUAL,ROUTE_dummy,1,0,BOM_TF-FCxxx-N00@domestic_others,-,-,-,HIER_LEVEL_1,HIER_LEVEL_2,HIER_LEVEL_3,1,-,-,-
TF-FCxxx-NJC@633,VIRTUAL,ROUTE_dummy,1,0,BOM_TF-FCxxx-NJC@633,-,-,-,HIER_LEVEL_1,HIER_LEVEL_2,HIER_LEVEL_3,1,-,-,-
TF-FCxxx-NCT@Coriant,VIRTUAL,ROUTE_dummy,1,0,BOM_TF-FCxxx-NCT@Coriant,-,-,-,HIER_LEVEL_1,HIER_LEVEL_2,HIER_LEVEL_3,1,-,-,-
TR-FC85S-NTC@898,VIRTUAL,ROUTE_dummy,1,0,BOM_TR-FC85S-NTC@898,-,-,-,HIER_LEVEL_1,HIER_LEVEL_2,HIER_LEVEL_3,1,-,-,-
TR-FC85S-N00@818,VIRTUAL,ROUTE_dummy,1,0,BOM_TR-FC85S-N00@818,-,-,-,HIER_LEVEL_1,HIER_LEVEL_2,HIER_LEVEL_3,1,-,-,-
TR-FC85S-N00-H3C@858,VIRTUAL,ROUTE_dummy,1,0,BOM_TR-FC85S-N00-H3C@858,-,-,-,HIER_LEVEL_1,HIER_LEVEL_2,HIER_LEVEL_3,1,-,-,-
TF-FCxxx-NAY@818,VIRTUAL,ROUTE_dummy,1,0,BOM_TF-FCxxx-NAY@818,-,-,-,HIER_LEVEL_1,HIER_LEVEL_2,HIER_LEVEL_3,1,-,-,-
TR-FC85S-H00@888,VIRTUAL,ROUTE_dummy,1,0,BOM_TR-FC85S-H00@888,-,-,-,HIER_LEVEL_1,HIER_LEVEL_2,HIER_LEVEL_3,1,-,-,-
TR-FC85S-N00@international_others,VIRTUAL,ROUTE_dummy,1,0,BOM_TR-FC85S-N00@international_others,-,-,-,HIER_LEVEL_1,HIER_LEVEL_2,HIER_LEVEL_3,1,-,-,-
TR-FC85G-NCI@677,VIRTUAL,ROUTE_dummy,1,0,BOM_TR-FC85G-NCI@677,-,-,-,HIER_LEVEL_1,HIER_LEVEL_2,HIER_LEVEL_3,1,-,-,-
TR-FC85S-N00@855,VIRTUAL,ROUTE_dummy,1,0,BOM_TR-FC85S-N00@855,-,-,-,HIER_LEVEL_1,HIER_LEVEL_2,HIER_LEVEL_3,1,-,-,-
TR-FC85S-NZT@828,VIRTUAL,ROUTE_dummy,1,0,BOM_TR-FC85S-NZT@828,-,-,-,HIER_LEVEL_1,HIER_LEVEL_2,HIER_LEVEL_3,1,-,-,-
TR-FC85S-NPT@international_others,VIRTUAL,ROUTE_dummy,1,0,BOM_TR-FC85S-NPT@international_others,-,-,-,HIER_LEVEL_1,HIER_LEVEL_2,HIER_LEVEL_3,1,-,-,-
TR-FC85S-N00@858,VIRTUAL,ROUTE_dummy,1,0,BOM_TR-FC85S-N00@858,-,-,-,HIER_LEVEL_1,HIER_LEVEL_2,HIER_LEVEL_3,1,-,-,-
TR-FC85S-NC3@677,VIRTUAL,ROUTE_dummy,1,0,BOM_TR-FC85S-NC3@677,-,-,-,HIER_LEVEL_1,HIER_LEVEL_2,HIER_LEVEL_3,1,-,-,-
TR-FC85S-NB2@677,VIRTUAL,ROUTE_dummy,1,0,BOM_TR-FC85S-NB2@677,-,-,-,HIER_LEVEL_1,HIER_LEVEL_2,HIER_LEVEL_3,1,-,-,-
TF-FCxxx-NHP@858,VIRTUAL,ROUTE_dummy,1,0,BOM_TF-FCxxx-NHP@858,-,-,-,HIER_LEVEL_1,HIER_LEVEL_2,HIER_LEVEL_3,1,-,-,-
TR-FC85S-N00@domestic_others,VIRTUAL,ROUTE_dummy,1,0,BOM_TR-FC85S-N00@domestic_others,-,-,-,HIER_LEVEL_1,HIER_LEVEL_2,HIER_LEVEL_3,1,-,-,-
